Purchases,day_engaged,Acceptance,Family,Income_Category_lower,Income_Category_middle,Income_Category_upper_middle,Income_Category_upper,Customer_Segment_Millennial,Customer_Segment_Gen X,Customer_Segment_Boomer,Customer_Segment_Silent,Education_Grad,Education_PostGrad,Education_Undergrad,clusters
25,849,0,1,0,0,1,0,0,0,1,0,1,0,0,2
6,299,0,3,0,1,0,0,0,0,1,0,1,0,0,1
21,498,0,2,0,0,1,0,0,0,1,0,1,0,0,0
8,325,0,3,1,0,0,0,1,0,0,0,1,0,0,1
19,347,0,3,0,0,1,0,0,1,0,0,0,1,0,1
22,479,0,3,0,0,1,0,0,0,1,0,0,1,0,0
21,779,0,2,0,1,0,0,0,1,0,0,1,0,0,2
10,603,0,3,0,1,0,0,1,0,0,0,0,1,0,0
6,574,0,3,0,1,0,0,0,1,0,0,0,1,0,0
2,294,1,4,1,0,0,0,0,0,0,1,0,1,0,1
4,412,0,3,0,1,0,0,1,0,0,0,1,0,0,1
6,779,0,2,1,0,0,0,0,1,0,0,0,0,1,2
16,412,0,1,0,0,1,0,0,0,1,0,1,0,0,1
15,412,0,3,0,0,1,0,0,0,0,1,0,1,0,1
5,813,0,2,1,0,0,0,1,0,0,0,1,0,0,2
26,768,2,1,0,0,1,0,0,0,0,1,0,1,0,2
9,738,0,4,0,1,0,0,0,1,0,0,1,0,0,2
13,853,0,2,0,1,0,0,0,0,0,1,1,0,0,2
26,644,1,3,0,0,1,0,0,0,0,1,0,1,0,0
8,789,0,2,0,1,0,0,1,0,0,0,0,1,0,2
12,876,0,2,0,1,0,0,1,0,0,0,1,0,0,2
43,725,0,3,1,0,0,0,0,1,0,0,1,0,0,2
17,739,1,3,0,0,1,0,0,0,0,1,0,1,0,2
20,355,0,3,0,0,1,0,0,0,1,0,0,1,0,1
20,654,0,3,0,1,0,0,0,0,0,1,1,0,0,2
8,729,0,1,1,0,0,0,0,1,0,0,1,0,0,2
14,584,0,4,0,1,0,0,0,1,0,0,1,0,0,0
27,680,0,2,0,1,0,0,1,0,0,0,1,0,0,2
9,580,0,3,0,1,0,0,1,0,0,0,1,0,0,0
26,405,1,2,0,0,1,0,0,0,1,0,0,1,0,1
8,224,0,1,1,0,0,0,1,0,0,0,0,1,0,1
11,600,0,2,0,1,0,0,0,0,1,0,0,1,0,0
9,813,1,3,0,1,0,0,0,1,0,0,1,0,0,2
17,794,0,3,0,1,0,0,0,0,0,1,0,1,0,2
18,680,0,2,0,0,1,0,0,0,0,1,0,1,0,2
6,490,0,3,0,1,0,0,0,0,0,1,0,1,0,0
28,366,0,3,0,0,1,0,0,1,0,0,0,1,0,1
9,486,0,3,1,0,0,0,0,1,0,0,0,1,0,0
7,324,0,2,0,1,0,0,0,1,0,0,1,0,0,1
24,699,1,1,0,1,0,0,0,0,0,1,0,1,0,2
21,612,0,3,0,0,1,0,0,1,0,0,1,0,0,0
7,660,0,3,1,0,0,0,1,0,0,0,0,1,0,2
4,738,0,3,1,0,0,0,0,0,1,0,1,0,0,2
9,422,0,1,0,1,0,0,0,0,1,0,0,1,0,0
8,456,0,3,1,0,0,0,0,1,0,0,0,1,0,0
16,187,0,1,0,0,1,0,0,1,0,0,1,0,0,1
10,783,0,2,1,0,0,0,1,0,0,0,0,1,0,2
5,587,0,3,0,1,0,0,0,1,0,0,1,0,0,0
10,365,0,4,0,1,0,0,0,0,0,1,1,0,0,1
28,784,0,4,0,0,1,0,0,0,1,0,0,1,0,2
17,234,0,2,0,0,1,0,0,0,1,0,1,0,0,1
29,873,0,2,0,0,1,0,0,0,1,0,0,1,0,2
7,729,0,2,0,1,0,0,0,1,0,0,1,0,0,2
21,208,2,1,0,0,1,0,0,1,0,0,1,0,0,1
23,568,0,4,0,0,1,0,0,1,0,0,1,0,0,0
27,773,1,2,0,0,1,0,0,0,1,0,0,1,0,2
21,639,0,1,0,0,1,0,0,0,1,0,1,0,0,0
6,248,0,2,1,0,0,0,1,0,0,0,1,0,0,1
7,563,0,2,0,1,0,0,1,0,0,0,1,0,0,0
19,304,0,3,0,1,0,0,0,1,0,0,0,1,0,1
21,546,2,1,0,0,1,0,1,0,0,0,0,1,0,0
22,846,0,4,0,0,1,0,0,1,0,0,1,0,0,2
24,682,0,2,0,0,1,0,0,0,0,1,1,0,0,2
19,569,0,2,0,0,1,0,0,0,0,1,0,1,0,0
16,391,0,2,0,0,1,0,0,0,0,1,1,0,0,1
5,590,0,3,1,0,0,0,0,1,0,0,1,0,0,0
4,235,0,4,0,1,0,0,0,0,1,0,1,0,0,1
32,288,2,2,0,0,0,1,0,1,0,0,0,1,0,1
18,461,0,3,0,0,1,0,0,0,1,0,1,0,0,0
19,633,0,5,0,0,1,0,0,1,0,0,1,0,0,0
21,842,0,2,0,0,1,0,0,0,1,0,0,1,0,2
9,839,0,3,0,1,0,0,0,1,0,0,0,1,0,2
30,655,0,3,0,0,1,0,0,0,1,0,1,0,0,2
24,636,1,4,0,0,1,0,0,1,0,0,0,1,0,0
8,246,0,2,1,0,0,0,0,0,0,1,1,0,0,1
4,743,0,2,0,1,0,0,0,1,0,0,1,0,0,2
19,857,0,2,0,0,1,0,0,1,0,0,0,1,0,2
22,811,1,1,0,0,1,0,0,1,0,0,1,0,0,2
4,484,0,2,1,0,0,0,0,1,0,0,0,1,0,0
21,729,1,2,0,1,0,0,0,0,1,0,1,0,0,2
12,855,0,2,0,1,0,0,1,0,0,0,1,0,0,2
4,557,0,3,1,0,0,0,0,1,0,0,1,0,0,0
9,547,0,3,1,0,0,0,0,1,0,0,0,1,0,0
11,600,0,2,0,1,0,0,0,0,1,0,0,1,0,0
27,310,0,1,0,0,1,0,1,0,0,0,1,0,0,1
7,508,0,4,1,0,0,0,0,0,1,0,1,0,0,0
13,534,1,4,0,1,0,0,0,1,0,0,0,1,0,0
17,218,2,2,0,1,0,0,0,0,1,0,1,0,0,1
19,234,1,2,0,0,1,0,0,1,0,0,1,0,0,1
10,345,0,3,0,1,0,0,0,0,1,0,1,0,0,1
29,773,0,5,0,1,0,0,0,0,1,0,0,1,0,2
4,219,0,3,0,1,0,0,0,0,1,0,1,0,0,1
15,404,0,2,0,1,0,0,0,1,0,0,0,1,0,1
5,284,0,2,0,1,0,0,0,1,0,0,0,1,0,1
10,222,0,3,1,0,0,0,0,1,0,0,0,1,0,1
6,224,0,3,0,1,0,0,1,0,0,0,1,0,0,1
22,770,1,2,0,1,0,0,0,0,1,0,1,0,0,2
7,630,0,3,0,1,0,0,0,1,0,0,1,0,0,0
25,396,1,2,0,0,1,0,0,0,0,1,0,1,0,1
16,560,0,2,0,1,0,0,1,0,0,0,0,1,0,0
7,527,0,2,0,1,0,0,0,0,1,0,0,1,0,0
7,277,0,2,0,1,0,0,0,0,1,0,0,1,0,1
27,621,0,3,0,0,1,0,0,1,0,0,1,0,0,0
16,594,0,2,0,0,1,0,0,0,0,1,0,1,0,0
20,238,0,2,0,0,0,1,0,0,1,0,1,0,0,1
5,387,0,3,1,0,0,0,0,1,0,0,0,0,1,1
13,464,0,4,0,1,0,0,0,0,1,0,1,0,0,0
26,698,0,4,0,1,0,0,0,1,0,0,1,0,0,2
9,743,0,2,0,1,0,0,0,1,0,0,1,0,0,2
14,755,0,2,0,0,0,1,0,0,1,0,0,1,0,2
24,425,0,3,0,0,1,0,0,1,0,0,1,0,0,0
17,782,1,1,0,0,1,0,1,0,0,0,0,1,0,2
20,190,1,3,0,1,0,0,0,0,1,0,0,1,0,1
25,729,2,1,0,0,0,1,1,0,0,0,1,0,0,2
21,750,0,3,0,1,0,0,0,1,0,0,0,1,0,2
8,478,0,3,0,1,0,0,0,0,1,0,1,0,0,0
15,342,2,2,0,0,0,1,0,1,0,0,1,0,0,1
20,681,0,3,0,1,0,0,0,1,0,0,0,1,0,2
7,539,0,4,0,1,0,0,0,0,1,0,0,1,0,0
7,413,0,3,1,0,0,0,0,1,0,0,1,0,0,1
22,560,0,3,0,1,0,0,0,0,0,1,0,1,0,0
9,311,0,2,0,1,0,0,0,0,1,0,0,1,0,1
6,484,0,4,1,0,0,0,1,0,0,0,0,1,0,0
5,619,0,2,0,1,0,0,0,1,0,0,1,0,0,0
27,660,3,1,0,0,0,1,1,0,0,0,1,0,0,2
16,682,0,2,0,0,1,0,0,0,1,0,0,1,0,2
16,620,0,1,0,0,1,0,1,0,0,0,1,0,0,0
8,207,0,4,0,1,0,0,0,0,0,1,0,1,0,1
17,539,0,3,0,1,0,0,0,0,1,0,0,1,0,0
23,236,0,4,0,0,1,0,0,0,1,0,0,1,0,1
19,458,0,3,0,0,1,0,0,0,0,1,1,0,0,0
23,662,0,3,0,0,1,0,0,0,1,0,0,1,0,2
19,325,0,2,0,0,1,0,0,1,0,0,1,0,0,1
19,508,0,3,0,1,0,0,0,0,1,0,1,0,0,0
16,505,0,4,0,1,0,0,0,0,1,0,0,1,0,0
23,655,1,2,0,0,1,0,0,0,1,0,0,1,0,2
6,876,0,2,1,0,0,0,0,1,0,0,0,0,1,2
9,543,0,5,0,1,0,0,0,0,1,0,0,1,0,0
6,227,1,3,0,1,0,0,0,1,0,0,0,1,0,1
7,522,0,3,0,1,0,0,0,0,1,0,0,1,0,0
22,804,0,1,0,0,0,1,1,0,0,0,0,1,0,2
17,413,0,3,0,0,1,0,0,1,0,0,0,1,0,1
23,622,0,2,0,0,0,1,0,0,1,0,1,0,0,0
25,491,0,2,0,0,1,0,0,1,0,0,0,1,0,0
12,653,0,3,0,1,0,0,1,0,0,0,1,0,0,2
15,805,0,4,0,0,1,0,0,1,0,0,1,0,0,2
6,795,0,3,1,0,0,0,0,1,0,0,1,0,0,2
4,491,0,3,0,1,0,0,0,1,0,0,1,0,0,0
16,862,0,5,0,1,0,0,0,1,0,0,0,1,0,2
8,194,0,2,0,1,0,0,0,0,1,0,0,1,0,1
16,252,0,4,0,0,1,0,0,0,0,1,0,1,0,1
19,300,1,3,0,0,1,0,0,1,0,0,1,0,0,1
17,748,0,3,0,1,0,0,0,1,0,0,0,1,0,2
11,234,0,2,0,1,0,0,1,0,0,0,1,0,0,1
26,814,0,3,0,0,1,0,0,0,0,1,0,1,0,2
21,681,2,2,0,0,1,0,0,0,0,1,1,0,0,2
15,542,0,2,0,1,0,0,0,0,1,0,1,0,0,0
4,476,0,4,0,0,1,0,0,1,0,0,1,0,0,0
9,441,0,3,0,1,0,0,0,1,0,0,1,0,0,0
18,499,0,1,0,0,1,0,0,0,1,0,1,0,0,0
4,549,0,4,0,1,0,0,0,0,1,0,0,1,0,0
27,787,0,2,0,0,1,0,0,0,0,1,0,1,0,2
11,361,0,3,1,0,0,0,1,0,0,0,1,0,0,1
20,610,0,1,0,0,1,0,0,1,0,0,0,1,0,0
9,414,0,5,0,1,0,0,0,0,1,0,1,0,0,1
18,409,1,1,0,0,1,0,0,0,0,1,1,0,0,1
12,491,1,1,0,1,0,0,0,0,1,0,1,0,0,0
15,425,0,1,0,0,1,0,1,0,0,0,1,0,0,0
9,310,0,4,1,0,0,0,0,0,1,0,1,0,0,1
6,255,0,4,0,1,0,0,0,0,1,0,1,0,0,1
7,537,0,3,1,0,0,0,1,0,0,0,1,0,0,0
8,255,0,4,0,1,0,0,0,1,0,0,1,0,0,1
8,336,0,4,0,1,0,0,0,0,1,0,0,1,0,1
7,272,1,2,0,1,0,0,0,0,1,0,1,0,0,1
28,841,0,3,0,0,1,0,0,1,0,0,0,1,0,2
25,746,2,2,0,0,1,0,0,0,0,1,0,1,0,2
7,223,0,4,0,1,0,0,0,1,0,0,0,1,0,1
4,191,0,5,0,1,0,0,0,0,1,0,1,0,0,1
25,396,1,2,0,0,1,0,0,0,0,1,0,1,0,1
10,235,0,3,0,1,0,0,0,1,0,0,0,1,0,1
9,236,0,3,1,0,0,0,1,0,0,0,0,1,0,1
24,460,0,2,0,0,1,0,0,0,0,1,0,1,0,0
6,344,0,3,0,1,0,0,1,0,0,0,0,1,0,1
6,200,0,2,1,0,0,0,0,0,1,0,0,0,1,1
5,757,0,3,1,0,0,0,1,0,0,0,1,0,0,2
7,299,0,2,0,1,0,0,0,1,0,0,0,1,0,1
18,517,0,3,0,0,1,0,0,0,1,0,1,0,0,0
24,653,0,2,0,0,1,0,0,1,0,0,1,0,0,2
7,677,0,4,0,1,0,0,0,0,1,0,0,1,0,2
5,844,1,3,1,0,0,0,0,1,0,0,0,0,1,2
28,594,0,2,0,0,1,0,1,0,0,0,0,1,0,0
8,581,0,3,0,1,0,0,1,0,0,0,1,0,0,0
16,682,0,4,0,1,0,0,0,1,0,0,1,0,0,2
6,368,0,4,0,1,0,0,0,1,0,0,1,0,0,1
23,233,0,2,0,0,1,0,0,1,0,0,0,1,0,1
17,469,1,2,0,0,1,0,0,0,1,0,1,0,0,0
17,714,0,2,0,0,0,1,0,0,1,0,1,0,0,2
15,276,1,3,0,1,0,0,0,1,0,0,0,1,0,1
19,186,1,2,0,0,1,0,0,0,0,1,1,0,0,1
18,388,0,1,0,0,1,0,0,1,0,0,1,0,0,1
29,444,0,2,0,0,1,0,0,1,0,0,1,0,0,0
26,790,3,2,0,0,0,1,0,1,0,0,0,1,0,2
6,533,0,3,0,1,0,0,0,0,1,0,0,1,0,0
4,782,1,1,1,0,0,0,1,0,0,0,0,1,0,2
5,389,1,3,1,0,0,0,1,0,0,0,1,0,0,1
17,598,0,3,0,1,0,0,0,0,1,0,0,1,0,0
6,207,0,3,0,1,0,0,0,0,1,0,1,0,0,1
29,843,1,2,0,0,1,0,0,0,1,0,1,0,0,2
15,641,0,3,0,1,0,0,0,0,1,0,1,0,0,0
20,289,0,2,0,0,1,0,0,0,1,0,1,0,0,1
19,818,0,4,0,1,0,0,0,1,0,0,0,1,0,2
26,710,0,4,0,1,0,0,0,1,0,0,0,1,0,2
17,607,0,2,0,0,1,0,1,0,0,0,1,0,0,0
20,275,0,3,0,1,0,0,0,1,0,0,1,0,0,1
4,234,0,4,0,1,0,0,0,1,0,0,0,1,0,1
25,412,2,2,0,0,1,0,0,0,0,1,0,1,0,1
12,488,0,2,0,1,0,0,0,0,1,0,0,1,0,0
28,778,0,3,0,0,1,0,0,1,0,0,1,0,0,2
7,265,0,3,0,1,0,0,1,0,0,0,0,1,0,1
16,413,0,2,0,0,1,0,0,1,0,0,1,0,0,1
22,262,0,4,0,0,1,0,0,1,0,0,0,1,0,1
13,726,0,3,0,1,0,0,0,1,0,0,0,1,0,2
32,845,0,2,0,0,1,0,0,0,1,0,1,0,0,2
12,646,0,3,0,1,0,0,0,1,0,0,1,0,0,0
16,798,0,3,0,1,0,0,0,1,0,0,1,0,0,2
18,753,0,2,0,1,0,0,0,0,0,1,1,0,0,2
17,876,0,2,0,0,1,0,0,1,0,0,0,1,0,2
4,319,0,3,0,1,0,0,1,0,0,0,0,1,0,1
23,652,0,3,0,1,0,0,0,0,1,0,1,0,0,2
14,726,1,2,0,0,1,0,0,0,1,0,0,1,0,2
4,596,0,3,0,1,0,0,0,1,0,0,1,0,0,0
5,260,0,1,1,0,0,0,0,0,0,1,1,0,0,1
29,649,0,3,0,0,1,0,0,0,1,0,0,1,0,0
8,388,0,3,1,0,0,0,0,1,0,0,0,1,0,1
5,393,0,3,1,0,0,0,1,0,0,0,0,1,0,1
19,454,0,2,0,0,1,0,0,0,1,0,0,1,0,0
11,371,0,2,1,0,0,0,0,1,0,0,1,0,0,1
22,430,1,1,0,0,1,0,0,1,0,0,1,0,0,0
16,739,0,3,0,0,1,0,0,0,1,0,1,0,0,2
5,519,0,2,1,0,0,0,0,1,0,0,1,0,0,0
22,399,1,2,0,0,1,0,1,0,0,0,1,0,0,1
31,867,0,3,0,0,1,0,0,0,1,0,1,0,0,2
6,210,0,4,0,1,0,0,0,0,1,0,0,1,0,1
16,591,3,3,0,0,1,0,0,1,0,0,1,0,0,0
21,722,0,3,0,0,1,0,0,0,0,1,1,0,0,2
20,853,0,2,0,0,1,0,1,0,0,0,0,1,0,2
25,794,0,3,0,0,1,0,0,1,0,0,0,1,0,2
7,472,0,2,0,1,0,0,0,1,0,0,0,1,0,0
6,431,0,2,0,1,0,0,1,0,0,0,1,0,0,0
29,636,4,1,0,0,0,1,0,1,0,0,1,0,0,0
11,831,0,2,1,0,0,0,0,0,1,0,0,1,0,2
26,855,0,4,0,0,1,0,0,0,1,0,1,0,0,2
6,810,0,2,0,1,0,0,0,1,0,0,0,1,0,2
19,807,1,3,0,0,1,0,0,0,1,0,0,1,0,2
16,801,0,2,0,1,0,0,0,0,1,0,1,0,0,2
10,576,0,3,1,0,0,0,0,0,1,0,1,0,0,0
4,389,0,4,0,1,0,0,0,0,1,0,0,1,0,1
6,813,1,2,1,0,0,0,0,1,0,0,1,0,0,2
25,589,0,3,0,0,1,0,0,1,0,0,0,1,0,0
15,198,0,3,0,1,0,0,0,1,0,0,0,1,0,1
4,769,0,3,0,1,0,0,0,1,0,0,0,1,0,2
17,697,0,4,0,1,0,0,0,0,0,1,0,1,0,2
11,658,0,4,0,1,0,0,0,0,1,0,0,1,0,2
19,189,1,2,0,0,1,0,0,0,1,0,1,0,0,1
11,808,1,4,0,1,0,0,0,1,0,0,0,1,0,2
13,561,0,2,0,0,1,0,0,1,0,0,1,0,0,0
8,454,0,3,1,0,0,0,0,1,0,0,1,0,0,0
14,831,0,1,0,0,1,0,0,0,0,1,1,0,0,2
10,287,0,2,0,1,0,0,1,0,0,0,0,1,0,1
12,331,0,3,0,0,1,0,0,1,0,0,0,1,0,1
10,270,0,4,1,0,0,0,0,0,1,0,1,0,0,1
9,694,0,3,0,1,0,0,0,0,1,0,1,0,0,2
23,472,0,3,0,0,1,0,0,0,1,0,0,1,0,0
23,714,0,1,0,0,1,0,0,0,1,0,1,0,0,2
12,246,0,2,0,0,1,0,0,1,0,0,0,1,0,1
17,639,1,1,0,0,1,0,1,0,0,0,0,1,0,0
22,620,0,2,0,0,1,0,0,1,0,0,0,1,0,0
10,689,0,3,1,0,0,0,0,1,0,0,0,0,1,2
16,798,0,3,0,1,0,0,0,1,0,0,1,0,0,2
13,853,0,2,0,1,0,0,0,0,0,1,1,0,0,2
15,306,0,3,0,0,1,0,0,1,0,0,0,1,0,1
7,259,0,4,0,1,0,0,0,1,0,0,0,1,0,1
7,538,0,3,0,1,0,0,0,1,0,0,1,0,0,0
23,702,0,2,0,0,1,0,0,0,0,1,1,0,0,2
33,723,0,4,0,1,0,0,0,0,1,0,0,1,0,2
22,234,0,1,0,0,1,0,0,0,1,0,1,0,0,1
16,567,0,1,0,1,0,0,0,0,0,1,0,1,0,0
5,546,1,2,0,1,0,0,1,0,0,0,0,1,0,0
10,370,0,3,0,1,0,0,0,1,0,0,1,0,0,1
19,792,1,2,0,0,1,0,0,1,0,0,1,0,0,2
9,351,0,4,1,0,0,0,0,1,0,0,1,0,0,1
4,660,0,4,1,0,0,0,0,0,1,0,1,0,0,2
23,861,2,3,0,1,0,0,0,0,0,1,0,1,0,2
5,665,0,2,0,1,0,0,1,0,0,0,0,1,0,2
7,718,0,3,0,1,0,0,1,0,0,0,0,1,0,2
12,719,0,1,0,0,1,0,1,0,0,0,1,0,0,2
28,290,1,2,0,0,1,0,0,0,1,0,0,1,0,1
11,260,0,3,0,1,0,0,0,0,1,0,1,0,0,1
21,446,0,3,0,0,1,0,0,0,1,0,0,1,0,0
7,306,0,3,0,1,0,0,0,1,0,0,0,1,0,1
13,263,0,2,0,1,0,0,1,0,0,0,1,0,0,1
10,370,0,3,1,0,0,0,1,0,0,0,1,0,0,1
23,644,1,2,0,0,1,0,0,0,1,0,0,1,0,0
7,835,0,1,1,0,0,0,0,0,1,0,1,0,0,2
18,302,1,1,0,0,1,0,0,0,0,1,1,0,0,1
18,478,1,3,0,0,1,0,0,0,1,0,0,1,0,0
11,614,0,2,0,1,0,0,1,0,0,0,0,1,0,0
11,348,0,2,1,0,0,0,0,1,0,0,1,0,0,1
7,430,0,5,1,0,0,0,0,0,1,0,1,0,0,0
24,577,2,2,0,1,0,0,1,0,0,0,1,0,0,0
23,694,0,1,0,0,1,0,0,1,0,0,0,1,0,2
16,380,0,4,0,1,0,0,0,0,1,0,1,0,0,1
7,296,0,4,1,0,0,0,0,0,1,0,0,1,0,1
8,521,0,4,0,1,0,0,0,1,0,0,1,0,0,0
15,870,0,2,0,0,1,0,1,0,0,0,1,0,0,2
6,534,0,4,0,1,0,0,0,0,0,1,1,0,0,0
21,496,2,4,0,1,0,0,0,1,0,0,1,0,0,0
21,714,0,3,0,0,1,0,0,1,0,0,1,0,0,2
4,549,0,3,0,1,0,0,0,1,0,0,1,0,0,0
4,326,0,3,0,1,0,0,0,0,1,0,0,1,0,1
23,693,0,2,0,0,1,0,0,0,1,0,0,1,0,2
24,720,0,2,0,1,0,0,0,0,0,1,1,0,0,2
18,545,0,2,0,0,1,0,0,0,1,0,1,0,0,0
9,548,0,2,1,0,0,0,0,1,0,0,0,1,0,0
5,420,0,3,1,0,0,0,1,0,0,0,1,0,0,0
5,602,0,5,0,1,0,0,0,0,0,1,0,1,0,0
12,687,0,2,0,1,0,0,1,0,0,0,0,1,0,2
4,625,0,2,1,0,0,0,1,0,0,0,1,0,0,0
6,477,0,1,0,1,0,0,1,0,0,0,0,1,0,0
19,638,0,3,0,0,1,0,0,0,1,0,0,1,0,0
5,721,1,3,0,1,0,0,0,1,0,0,0,1,0,2
7,550,0,3,1,0,0,0,1,0,0,0,1,0,0,0
22,841,0,3,0,0,1,0,0,0,1,0,1,0,0,2
22,756,3,1,0,0,1,0,0,1,0,0,1,0,0,2
5,780,0,3,0,1,0,0,0,1,0,0,1,0,0,2
22,669,1,2,0,0,1,0,0,0,1,0,1,0,0,2
21,874,0,1,0,0,1,0,1,0,0,0,1,0,0,2
8,390,0,1,0,1,0,0,1,0,0,0,1,0,0,1
20,769,2,3,0,1,0,0,0,1,0,0,0,1,0,2
18,567,0,3,0,0,1,0,0,0,0,1,0,1,0,0
4,504,1,3,1,0,0,0,0,1,0,0,0,0,1,0
16,417,0,1,0,0,1,0,0,0,0,1,1,0,0,0
6,557,0,4,0,1,0,0,0,0,1,0,1,0,0,0
15,199,0,1,0,0,1,0,0,1,0,0,1,0,0,1
8,737,0,3,0,1,0,0,0,1,0,0,1,0,0,2
4,363,1,3,0,1,0,0,0,1,0,0,0,1,0,1
26,380,0,3,0,0,1,0,0,0,1,0,1,0,0,1
22,721,2,3,0,0,1,0,1,0,0,0,1,0,0,2
18,430,0,1,0,0,1,0,0,0,1,0,0,1,0,0
18,796,0,2,0,0,1,0,0,1,0,0,1,0,0,2
24,740,0,2,0,0,1,0,0,1,0,0,0,1,0,2
7,398,0,3,0,1,0,0,0,1,0,0,1,0,0,1
7,600,1,3,0,1,0,0,0,0,1,0,1,0,0,0
15,750,0,2,0,0,1,0,0,1,0,0,0,1,0,2
14,499,0,2,0,0,1,0,0,0,0,1,0,1,0,0
16,450,0,4,0,1,0,0,0,0,0,1,0,1,0,0
22,825,1,2,0,0,1,0,0,0,1,0,1,0,0,2
21,285,0,2,0,0,1,0,0,1,0,0,0,1,0,1
10,311,0,4,1,0,0,0,0,1,0,0,1,0,0,1
4,769,0,3,0,1,0,0,0,1,0,0,0,1,0,2
22,734,0,4,0,1,0,0,0,0,1,0,1,0,0,2
19,863,0,2,0,1,0,0,0,1,0,0,1,0,0,2
26,594,0,2,0,0,1,0,0,0,1,0,1,0,0,0
7,656,0,2,0,1,0,0,0,1,0,0,1,0,0,2
16,775,0,2,0,0,1,0,0,0,1,0,1,0,0,2
16,761,0,2,0,1,0,0,0,1,0,0,0,1,0,2
5,254,0,3,0,1,0,0,1,0,0,0,0,1,0,1
16,795,0,4,0,1,0,0,0,1,0,0,1,0,0,2
5,490,1,2,1,0,0,0,0,1,0,0,0,1,0,0
23,781,1,2,0,0,1,0,0,0,1,0,1,0,0,2
9,558,0,3,0,1,0,0,0,1,0,0,0,1,0,0
11,866,0,3,0,1,0,0,0,1,0,0,0,1,0,2
5,654,1,1,1,0,0,0,0,1,0,0,1,0,0,2
5,732,0,2,0,1,0,0,1,0,0,0,1,0,0,2
20,456,0,3,0,0,1,0,0,0,1,0,0,1,0,0
5,566,0,2,0,1,0,0,0,1,0,0,1,0,0,0
4,723,0,4,0,1,0,0,0,1,0,0,0,1,0,2
4,413,0,3,1,0,0,0,1,0,0,0,1,0,0,1
14,750,0,1,1,0,0,0,0,0,1,0,1,0,0,2
16,862,0,5,0,1,0,0,0,1,0,0,0,1,0,2
4,277,0,2,0,1,0,0,0,1,0,0,0,1,0,1
8,596,0,2,1,0,0,0,0,1,0,0,1,0,0,0
17,442,1,3,0,1,0,0,0,1,0,0,0,1,0,0
26,818,0,3,0,0,1,0,0,0,1,0,1,0,0,2
7,854,0,3,0,1,0,0,0,0,0,1,1,0,0,2
19,603,0,3,0,0,1,0,0,1,0,0,0,1,0,0
19,363,1,2,0,0,0,1,0,1,0,0,1,0,0,1
12,388,0,3,0,0,1,0,0,1,0,0,0,1,0,1
16,242,0,1,0,0,1,0,1,0,0,0,1,0,0,1
10,623,0,2,0,1,0,0,0,0,0,1,0,1,0,0
23,310,0,3,0,0,1,0,0,1,0,0,0,1,0,1
24,452,0,2,0,0,1,0,1,0,0,0,0,1,0,0
12,838,0,4,0,1,0,0,0,1,0,0,1,0,0,2
6,853,0,3,1,0,0,0,1,0,0,0,1,0,0,2
5,738,0,2,1,0,0,0,1,0,0,0,1,0,0,2
11,783,0,3,1,0,0,0,0,1,0,0,0,1,0,2
10,649,0,3,0,1,0,0,0,0,1,0,0,1,0,0
23,826,0,2,0,0,1,0,0,0,1,0,1,0,0,2
13,504,0,3,0,1,0,0,0,1,0,0,1,0,0,0
11,661,0,2,0,1,0,0,0,0,1,0,1,0,0,2
24,436,1,4,0,1,0,0,0,0,1,0,0,1,0,0
5,206,0,4,0,1,0,0,0,0,1,0,1,0,0,1
9,854,0,2,1,0,0,0,0,1,0,0,0,1,0,2
14,216,0,3,0,0,1,0,0,1,0,0,0,1,0,1
6,574,0,3,0,1,0,0,0,1,0,0,0,1,0,0
19,806,0,4,0,1,0,0,0,0,1,0,1,0,0,2
8,775,0,2,1,0,0,0,1,0,0,0,0,1,0,2
17,783,0,3,0,1,0,0,0,1,0,0,1,0,0,2
35,642,1,3,0,0,1,0,0,0,1,0,0,1,0,0
16,862,0,2,0,1,0,0,1,0,0,0,1,0,0,2
19,708,0,3,0,0,1,0,0,0,1,0,1,0,0,2
19,276,0,2,0,0,1,0,0,0,0,1,0,1,0,1
9,407,1,3,1,0,0,0,0,1,0,0,0,1,0,1
21,321,4,2,0,0,1,0,1,0,0,0,1,0,0,1
26,678,2,1,0,0,0,1,0,1,0,0,1,0,0,2
29,667,0,4,0,1,0,0,0,1,0,0,0,1,0,2
7,240,0,3,0,1,0,0,0,1,0,0,0,1,0,1
6,224,0,3,0,1,0,0,1,0,0,0,1,0,0,1
4,210,0,3,1,0,0,0,1,0,0,0,0,1,0,1
16,576,2,2,0,0,1,0,0,1,0,0,0,1,0,0
22,628,1,2,0,0,0,1,0,0,0,1,0,1,0,0
4,393,0,5,0,1,0,0,0,0,0,1,1,0,0,1
27,252,3,2,0,0,0,1,1,0,0,0,1,0,0,1
19,271,2,3,0,0,1,0,1,0,0,0,1,0,0,1
7,242,0,3,1,0,0,0,1,0,0,0,0,1,0,1
24,616,0,3,0,0,1,0,0,1,0,0,1,0,0,0
16,602,4,1,0,0,1,0,0,0,1,0,0,1,0,0
21,794,0,3,0,1,0,0,1,0,0,0,1,0,0,2
39,708,0,4,0,0,1,0,0,0,1,0,0,1,0,2
25,402,0,3,0,0,1,0,0,0,1,0,1,0,0,1
7,333,0,2,0,1,0,0,0,1,0,0,1,0,0,1
5,559,0,3,0,1,0,0,0,0,1,0,0,1,0,0
23,376,0,2,0,0,1,0,0,0,1,0,1,0,0,1
17,481,0,2,0,1,0,0,0,0,0,1,0,1,0,0
10,497,0,3,0,1,0,0,0,1,0,0,0,1,0,0
7,693,0,3,1,0,0,0,1,0,0,0,0,1,0,2
5,546,0,3,1,0,0,0,1,0,0,0,1,0,0,0
10,377,0,3,0,1,0,0,0,0,0,1,0,1,0,1
4,513,0,2,1,0,0,0,0,0,0,1,1,0,0,0
5,732,0,2,0,1,0,0,1,0,0,0,1,0,0,2
5,290,0,2,1,0,0,0,0,1,0,0,0,1,0,1
4,537,0,1,1,0,0,0,0,0,1,0,1,0,0,0
11,449,0,2,0,1,0,0,0,1,0,0,0,1,0,0
17,368,2,1,0,0,1,0,0,0,1,0,1,0,0,1
7,571,0,3,1,0,0,0,0,1,0,0,1,0,0,0
16,375,0,3,0,1,0,0,0,0,0,1,0,1,0,1
27,609,0,2,0,0,1,0,0,0,1,0,1,0,0,0
27,684,0,3,0,1,0,0,0,1,0,0,1,0,0,2
7,441,0,2,0,1,0,0,0,1,0,0,0,1,0,0
16,396,0,4,0,0,1,0,0,1,0,0,0,1,0,1
27,846,0,3,0,0,1,0,0,1,0,0,1,0,0,2
19,864,0,5,0,1,0,0,0,1,0,0,1,0,0,2
24,838,2,1,0,0,0,1,0,0,1,0,0,1,0,2
14,640,1,3,0,1,0,0,1,0,0,0,0,1,0,0
13,221,0,3,0,1,0,0,0,0,0,1,1,0,0,1
19,828,0,2,0,0,1,0,1,0,0,0,0,1,0,2
16,365,1,3,0,0,1,0,0,0,1,0,1,0,0,1
22,466,0,1,0,0,1,0,0,0,0,1,1,0,0,0
9,338,0,2,0,1,0,0,0,0,1,0,0,1,0,1
19,189,1,2,0,0,1,0,0,0,1,0,1,0,0,1
9,311,0,3,0,1,0,0,0,1,0,0,1,0,0,1
20,304,0,1,0,0,1,0,0,1,0,0,0,1,0,1
17,618,2,2,0,0,1,0,0,0,1,0,0,1,0,0
4,792,0,2,0,1,0,0,0,1,0,0,1,0,0,2
20,301,0,4,0,1,0,0,0,0,0,1,1,0,0,1
25,869,0,3,0,1,0,0,0,1,0,0,0,1,0,2
33,645,0,3,0,0,1,0,0,1,0,0,1,0,0,0
4,448,0,3,0,1,0,0,0,1,0,0,1,0,0,0
30,880,1,3,0,1,0,0,0,1,0,0,0,1,0,2
6,729,0,4,0,1,0,0,0,1,0,0,1,0,0,2
5,228,0,2,1,0,0,0,1,0,0,0,1,0,0,1
26,682,0,3,0,0,1,0,0,0,1,0,1,0,0,2
6,237,0,3,0,1,0,0,0,1,0,0,0,1,0,1
17,223,0,3,0,1,0,0,0,1,0,0,0,1,0,1
19,800,0,3,0,0,1,0,0,1,0,0,0,1,0,2
21,792,0,3,0,1,0,0,0,1,0,0,1,0,0,2
6,367,0,3,0,1,0,0,0,1,0,0,0,1,0,1
6,508,0,2,0,1,0,0,0,1,0,0,0,1,0,0
12,865,1,2,0,1,0,0,0,1,0,0,1,0,0,2
15,428,0,3,0,1,0,0,0,1,0,0,1,0,0,0
19,813,0,2,0,0,1,0,0,0,1,0,0,1,0,2
29,839,0,1,0,0,1,0,0,0,1,0,0,1,0,2
17,413,0,3,0,0,1,0,0,1,0,0,0,1,0,1
21,554,0,3,0,0,1,0,0,1,0,0,1,0,0,0
5,340,0,3,1,0,0,0,0,1,0,0,1,0,0,1
10,795,0,1,1,0,0,0,0,0,0,1,0,1,0,2
21,829,0,3,0,0,1,0,0,0,1,0,0,1,0,2
14,759,0,2,0,1,0,0,0,1,0,0,1,0,0,2
22,678,1,2,0,0,1,0,0,0,1,0,1,0,0,2
15,719,0,2,0,0,1,0,0,0,1,0,0,1,0,2
20,400,1,1,0,1,0,0,0,0,0,1,0,1,0,1
22,628,0,2,0,0,1,0,0,0,1,0,0,1,0,0
6,271,0,2,0,1,0,0,0,1,0,0,1,0,0,1
18,620,0,3,0,0,1,0,0,1,0,0,0,1,0,0
27,224,0,3,0,0,1,0,0,0,0,1,0,1,0,1
21,638,0,2,0,0,1,0,0,0,0,1,1,0,0,0
6,878,0,4,1,0,0,0,0,0,0,1,1,0,0,2
5,412,0,3,0,1,0,0,0,0,1,0,0,1,0,1
9,733,0,2,1,0,0,0,1,0,0,0,0,0,1,2
21,860,0,3,0,0,1,0,1,0,0,0,0,1,0,2
5,559,0,3,0,1,0,0,0,0,1,0,0,1,0,0
28,785,0,1,0,1,0,0,0,0,0,1,1,0,0,2
24,395,0,3,0,0,1,0,0,1,0,0,1,0,0,1
22,531,0,1,0,0,1,0,1,0,0,0,1,0,0,0
8,559,0,2,0,1,0,0,1,0,0,0,1,0,0,0
25,746,0,2,0,0,1,0,0,0,1,0,1,0,0,2
12,586,1,3,0,1,0,0,0,1,0,0,0,1,0,0
23,644,0,2,0,0,1,0,0,1,0,0,1,0,0,0
16,438,1,4,0,1,0,0,0,0,1,0,1,0,0,0
19,290,1,2,0,0,0,1,0,0,1,0,0,1,0,1
17,600,0,3,0,1,0,0,0,0,0,1,0,1,0,0
22,627,0,1,0,0,1,0,0,1,0,0,0,1,0,0
11,697,0,4,0,1,0,0,0,0,1,0,1,0,0,2
5,550,0,2,1,0,0,0,1,0,0,0,1,0,0,0
17,496,0,2,0,0,1,0,0,0,1,0,1,0,0,0
20,306,2,2,0,0,1,0,0,0,0,1,0,1,0,1
7,339,0,3,0,1,0,0,0,0,1,0,1,0,0,1
13,306,1,1,0,0,1,0,1,0,0,0,0,1,0,1
13,503,0,2,0,1,0,0,1,0,0,0,1,0,0,0
16,823,2,2,0,0,1,0,0,0,0,1,1,0,0,2
10,845,0,3,1,0,0,0,1,0,0,0,1,0,0,2
5,758,0,3,0,1,0,0,1,0,0,0,1,0,0,2
20,400,0,2,0,0,1,0,0,0,1,0,0,1,0,1
15,207,0,2,0,1,0,0,0,1,0,0,0,1,0,1
17,872,0,1,0,0,1,0,0,0,1,0,1,0,0,2
19,424,0,4,0,1,0,0,0,0,1,0,0,1,0,0
19,685,0,2,0,1,0,0,0,1,0,0,0,1,0,2
17,470,0,2,0,0,1,0,0,1,0,0,1,0,0,0
23,197,1,4,0,0,1,0,0,1,0,0,0,1,0,1
12,617,0,4,0,0,1,0,0,0,1,0,1,0,0,0
7,563,0,2,1,0,0,0,1,0,0,0,1,0,0,0
16,630,0,3,0,1,0,0,0,0,0,1,0,1,0,0
7,348,0,3,0,1,0,0,0,0,1,0,1,0,0,1
16,320,1,1,0,0,1,0,0,0,1,0,1,0,0,1
12,511,0,3,0,1,0,0,0,0,0,1,0,1,0,0
9,374,0,2,1,0,0,0,0,1,0,0,0,1,0,1
9,420,0,3,1,0,0,0,0,1,0,0,0,1,0,0
11,878,0,2,0,1,0,0,0,1,0,0,1,0,0,2
14,764,0,2,0,1,0,0,1,0,0,0,0,1,0,2
20,512,2,2,0,0,1,0,1,0,0,0,0,1,0,0
20,576,0,3,0,1,0,0,0,1,0,0,1,0,0,0
8,299,0,3,1,0,0,0,1,0,0,0,0,1,0,1
14,359,0,1,0,0,1,0,0,0,1,0,1,0,0,1
8,394,0,3,0,1,0,0,0,1,0,0,1,0,0,1
10,340,1,4,1,0,0,0,0,1,0,0,1,0,0,1
6,278,0,4,1,0,0,0,0,1,0,0,0,1,0,1
7,276,0,3,0,1,0,0,0,0,1,0,0,1,0,1
8,268,1,2,1,0,0,0,1,0,0,0,1,0,0,1
18,328,0,2,0,0,1,0,0,1,0,0,0,1,0,1
8,623,0,2,1,0,0,0,0,0,1,0,1,0,0,0
25,421,0,2,0,0,1,0,0,0,0,1,0,1,0,0
16,841,0,4,0,1,0,0,0,0,0,1,1,0,0,2
21,671,0,2,0,1,0,0,0,1,0,0,0,1,0,2
19,636,1,2,0,0,1,0,1,0,0,0,1,0,0,0
8,516,0,2,1,0,0,0,0,1,0,0,0,1,0,0
20,589,4,3,0,0,0,1,0,0,1,0,1,0,0,0
7,479,0,3,0,1,0,0,0,1,0,0,1,0,0,0
19,564,0,1,0,0,1,0,0,1,0,0,1,0,0,0
26,555,0,3,0,0,1,0,0,1,0,0,0,1,0,0
26,351,0,3,0,0,1,0,0,1,0,0,0,1,0,1
15,422,0,2,0,1,0,0,0,0,1,0,0,1,0,0
12,208,0,3,0,1,0,0,0,0,0,1,0,1,0,1
19,757,0,2,0,0,1,0,0,0,1,0,1,0,0,2
4,481,0,4,1,0,0,0,0,0,0,1,0,1,0,0
4,545,0,2,0,1,0,0,0,1,0,0,1,0,0,0
4,755,0,4,0,1,0,0,0,1,0,0,1,0,0,2
16,841,0,3,0,1,0,0,0,1,0,0,1,0,0,2
6,339,0,4,0,1,0,0,0,1,0,0,0,1,0,1
11,475,0,2,0,1,0,0,0,1,0,0,0,1,0,0
12,518,0,3,0,0,1,0,0,1,0,0,0,1,0,0
7,456,0,3,0,1,0,0,0,1,0,0,0,1,0,0
21,700,3,3,0,0,1,0,0,1,0,0,0,1,0,2
11,275,0,4,0,1,0,0,0,1,0,0,1,0,0,1
10,496,0,4,1,0,0,0,0,1,0,0,1,0,0,0
8,472,0,4,0,1,0,0,0,0,1,0,0,1,0,0
16,541,0,4,0,1,0,0,0,0,1,0,0,1,0,0
15,782,1,4,0,1,0,0,0,1,0,0,0,1,0,2
20,654,0,3,0,1,0,0,0,0,0,1,1,0,0,2
5,438,0,4,0,1,0,0,0,0,1,0,0,1,0,0
7,626,0,2,1,0,0,0,0,0,0,1,0,1,0,0
7,273,0,3,0,1,0,0,1,0,0,0,1,0,0,1
11,258,0,4,1,0,0,0,0,1,0,0,0,1,0,1
22,830,3,1,0,0,1,0,0,0,1,0,1,0,0,2
20,474,0,3,0,0,1,0,0,0,1,0,0,1,0,0
18,229,1,3,0,1,0,0,0,0,1,0,1,0,0,1
6,499,0,2,1,0,0,0,0,0,1,0,1,0,0,0
7,811,0,2,0,1,0,0,1,0,0,0,0,1,0,2
21,750,2,2,0,0,0,1,0,1,0,0,0,1,0,2
20,417,0,1,0,0,1,0,0,0,1,0,0,1,0,0
5,336,0,3,0,1,0,0,0,1,0,0,1,0,0,1
15,477,0,2,0,0,1,0,0,1,0,0,0,1,0,0
9,469,0,3,1,0,0,0,0,1,0,0,0,1,0,0
6,797,0,2,1,0,0,0,0,1,0,0,1,0,0,2
6,439,0,4,0,1,0,0,0,1,0,0,0,1,0,0
9,576,0,3,1,0,0,0,0,1,0,0,0,1,0,0
10,867,0,3,0,1,0,0,0,1,0,0,1,0,0,2
5,679,0,2,0,1,0,0,0,0,1,0,1,0,0,2
23,853,0,3,0,0,1,0,0,0,1,0,1,0,0,2
17,471,0,1,0,0,1,0,0,0,1,0,1,0,0,0
20,753,0,4,0,0,1,0,0,0,0,1,0,1,0,2
11,705,0,4,0,1,0,0,0,0,1,0,0,1,0,2
12,733,0,2,1,0,0,0,1,0,0,0,0,1,0,2
7,324,0,2,0,1,0,0,0,1,0,0,1,0,0,1
5,661,0,4,1,0,0,0,0,0,1,0,1,0,0,2
6,797,0,3,0,1,0,0,0,1,0,0,0,0,1,2
18,239,1,2,0,0,1,0,0,0,1,0,1,0,0,1
12,500,0,1,1,0,0,0,0,1,0,0,0,1,0,0
12,532,0,1,0,1,0,0,0,0,0,1,0,1,0,0
5,751,0,3,1,0,0,0,0,1,0,0,0,0,1,2
7,430,0,5,1,0,0,0,0,0,1,0,1,0,0,0
25,783,0,1,0,1,0,0,0,1,0,0,0,1,0,2
18,524,0,4,0,1,0,0,0,1,0,0,1,0,0,0
6,605,0,4,0,1,0,0,0,0,1,0,0,1,0,0
5,654,0,3,0,1,0,0,0,1,0,0,1,0,0,2
17,867,0,3,0,1,0,0,0,0,1,0,0,1,0,2
17,539,0,3,0,1,0,0,0,0,1,0,0,1,0,0
6,536,0,1,0,1,0,0,0,1,0,0,1,0,0,0
14,297,2,1,0,0,1,0,0,0,0,1,1,0,0,1
5,369,0,2,0,1,0,0,0,1,0,0,0,1,0,1
21,577,1,2,0,0,1,0,0,0,1,0,0,1,0,0
7,711,0,3,1,0,0,0,0,1,0,0,1,0,0,2
20,577,0,2,0,0,1,0,0,1,0,0,1,0,0,0
34,832,0,3,0,0,1,0,0,0,1,0,1,0,0,2
9,847,0,3,0,1,0,0,0,1,0,0,0,1,0,2
12,744,0,2,1,0,0,0,0,1,0,0,1,0,0,2
25,408,0,3,0,0,1,0,0,1,0,0,0,1,0,1
14,202,0,2,0,0,1,0,0,0,1,0,0,1,0,1
26,351,0,3,0,0,1,0,0,1,0,0,0,1,0,1
7,320,1,1,0,1,0,0,0,0,1,0,0,1,0,1
21,623,0,1,0,0,1,0,0,1,0,0,1,0,0,0
4,297,0,4,0,1,0,0,0,0,1,0,1,0,0,1
32,576,0,1,0,0,1,0,0,0,0,1,1,0,0,0
14,723,0,3,0,1,0,0,0,0,1,0,1,0,0,2
26,825,0,2,0,0,1,0,0,0,0,1,0,1,0,2
18,421,1,3,0,0,1,0,0,1,0,0,1,0,0,0
26,818,0,3,0,0,1,0,0,0,1,0,1,0,0,2
21,233,0,2,0,0,1,0,0,0,0,1,0,1,0,1
23,732,0,2,0,0,1,0,0,0,1,0,0,1,0,2
15,604,1,2,0,1,0,0,0,0,1,0,1,0,0,0
13,662,2,2,0,0,1,0,0,0,0,1,0,1,0,2
17,501,0,4,0,1,0,0,0,1,0,0,0,1,0,0
30,710,2,2,0,0,0,1,0,1,0,0,1,0,0,2
11,384,0,2,0,1,0,0,0,1,0,0,0,1,0,1
28,223,0,3,0,0,1,0,0,1,0,0,0,1,0,1
17,472,0,3,0,0,1,0,0,0,1,0,1,0,0,0
19,318,1,1,0,0,0,1,0,0,1,0,0,1,0,1
6,857,0,3,1,0,0,0,1,0,0,0,1,0,0,2
32,872,0,3,0,0,1,0,0,1,0,0,1,0,0,2
7,263,0,3,0,1,0,0,0,0,0,1,0,1,0,1
15,881,0,2,0,1,0,0,0,0,1,0,1,0,0,2
10,362,0,3,0,0,1,0,0,0,0,1,1,0,0,1
11,831,0,2,1,0,0,0,0,0,1,0,0,1,0,2
26,488,0,3,0,0,1,0,0,0,0,1,0,1,0,0
12,437,1,4,0,1,0,0,0,0,1,0,0,1,0,0
22,755,0,3,0,1,0,0,0,0,1,0,1,0,0,2
4,413,0,3,1,0,0,0,1,0,0,0,1,0,0,1
24,372,0,2,0,0,1,0,0,1,0,0,1,0,0,1
6,846,0,2,1,0,0,0,0,1,0,0,0,0,1,2
5,730,0,2,1,0,0,0,0,0,1,0,0,1,0,2
5,734,0,2,1,0,0,0,0,0,1,0,1,0,0,2
4,595,0,3,0,1,0,0,0,1,0,0,0,1,0,0
7,463,0,2,1,0,0,0,1,0,0,0,0,0,1,0
5,602,0,3,1,0,0,0,0,1,0,0,0,1,0,0
12,420,0,4,0,1,0,0,0,1,0,0,0,1,0,0
28,521,0,3,0,0,1,0,0,0,1,0,0,1,0,0
21,419,0,3,0,0,1,0,0,0,1,0,0,1,0,0
17,841,0,2,0,0,1,0,0,1,0,0,1,0,0,2
20,381,0,3,0,0,1,0,0,1,0,0,1,0,0,1
16,761,0,2,0,1,0,0,0,1,0,0,0,1,0,2
4,224,0,4,1,0,0,0,0,1,0,0,1,0,0,1
21,793,1,3,0,0,1,0,0,0,1,0,0,1,0,2
17,364,0,1,0,0,1,0,0,1,0,0,1,0,0,1
12,564,1,3,0,1,0,0,1,0,0,0,0,1,0,0
20,374,0,1,0,0,1,0,0,1,0,0,0,1,0,1
23,440,0,2,0,0,1,0,0,0,1,0,1,0,0,0
30,854,0,1,0,0,1,0,0,0,1,0,1,0,0,2
15,525,0,2,0,1,0,0,1,0,0,0,0,1,0,0
12,434,0,3,0,1,0,0,0,0,1,0,1,0,0,0
17,378,0,2,0,0,1,0,0,0,1,0,1,0,0,1
20,665,0,2,0,0,1,0,0,1,0,0,0,1,0,2
22,841,0,1,0,0,0,1,0,1,0,0,0,1,0,2
21,230,2,2,0,0,1,0,1,0,0,0,0,1,0,1
15,458,0,2,0,0,1,0,0,1,0,0,0,1,0,0
22,819,1,2,0,1,0,0,0,0,1,0,0,1,0,2
13,494,0,1,0,0,1,0,0,1,0,0,1,0,0,0
12,538,0,3,0,1,0,0,0,0,1,0,0,1,0,0
5,425,0,2,1,0,0,0,0,0,0,1,0,0,1,0
9,582,0,3,0,1,0,0,0,0,0,1,0,1,0,0
8,524,0,4,0,0,1,0,0,0,1,0,0,1,0,0
4,281,0,1,0,1,0,0,1,0,0,0,1,0,0,1
8,633,0,3,1,0,0,0,0,0,0,1,0,1,0,0
20,424,0,1,0,1,0,0,0,0,1,0,1,0,0,0
28,267,1,2,0,0,1,0,0,0,1,0,1,0,0,1
20,471,0,2,0,0,1,0,0,1,0,0,1,0,0,0
20,295,0,4,0,0,1,0,0,1,0,0,1,0,0,1
21,324,1,2,0,0,1,0,0,1,0,0,1,0,0,1
15,247,3,1,0,0,0,1,1,0,0,0,0,1,0,1
12,371,0,2,0,1,0,0,0,1,0,0,0,1,0,1
22,721,2,3,0,0,1,0,1,0,0,0,1,0,0,2
6,188,0,2,0,1,0,0,0,1,0,0,0,1,0,1
20,631,0,2,0,1,0,0,0,0,0,1,1,0,0,0
14,406,1,3,0,0,1,0,0,0,0,1,0,1,0,1
5,721,1,3,0,1,0,0,0,1,0,0,0,1,0,2
4,538,0,3,1,0,0,0,1,0,0,0,1,0,0,0
26,802,0,2,0,1,0,0,0,0,1,0,0,1,0,2
8,680,0,2,0,1,0,0,0,1,0,0,1,0,0,2
20,597,0,2,0,0,1,0,0,0,0,1,1,0,0,0
13,512,0,3,0,1,0,0,1,0,0,0,1,0,0,0
11,755,0,2,0,0,1,0,0,1,0,0,0,1,0,2
17,830,1,1,0,0,0,1,0,0,1,0,0,1,0,2
7,689,0,3,1,0,0,0,0,1,0,0,1,0,0,2
31,641,0,2,0,0,1,0,0,1,0,0,1,0,0,0
4,278,0,3,0,1,0,0,0,0,1,0,1,0,0,1
16,743,0,3,0,0,1,0,0,0,1,0,0,1,0,2
21,609,0,2,0,0,1,0,0,0,1,0,1,0,0,0
6,223,0,3,1,0,0,0,1,0,0,0,0,1,0,1
16,687,0,2,0,0,1,0,0,0,1,0,1,0,0,2
12,883,1,3,1,0,0,0,0,1,0,0,1,0,0,2
6,207,0,3,0,1,0,0,0,0,1,0,1,0,0,1
24,404,1,2,0,0,1,0,0,0,1,0,1,0,0,1
23,341,0,1,0,0,1,0,0,1,0,0,0,1,0,1
21,447,0,5,0,1,0,0,0,0,1,0,0,1,0,0
26,626,1,2,0,0,0,1,1,0,0,0,1,0,0,0
4,461,0,3,0,1,0,0,0,0,0,1,0,1,0,0
23,877,0,4,0,1,0,0,0,0,0,1,0,1,0,2
23,568,0,4,0,0,1,0,0,1,0,0,1,0,0,0
16,442,0,4,0,1,0,0,0,0,0,1,0,1,0,0
14,449,3,3,0,0,0,1,0,1,0,0,1,0,0,0
26,247,3,2,0,0,1,0,0,0,0,1,1,0,0,1
19,643,0,3,0,0,1,0,0,1,0,0,1,0,0,0
13,212,0,3,0,0,1,0,0,0,0,1,0,1,0,1
4,654,0,3,1,0,0,0,1,0,0,0,0,0,1,2
20,875,0,3,0,0,1,0,0,1,0,0,1,0,0,2
30,649,0,2,0,0,1,0,0,0,0,1,0,1,0,0
8,666,0,4,0,1,0,0,0,0,1,0,0,1,0,2
9,365,0,4,0,1,0,0,0,0,0,1,0,1,0,1
9,518,0,3,0,1,0,0,0,1,0,0,0,1,0,0
21,341,1,2,0,0,1,0,0,0,1,0,1,0,0,1
20,599,1,2,0,0,1,0,0,0,0,1,1,0,0,0
9,388,0,3,1,0,0,0,0,1,0,0,0,1,0,1
24,298,0,1,0,0,1,0,1,0,0,0,1,0,0,1
4,473,1,2,0,1,0,0,0,1,0,0,1,0,0,0
28,337,1,2,0,0,1,0,0,0,1,0,0,1,0,1
22,366,0,2,0,0,1,0,0,1,0,0,0,1,0,1
17,455,0,3,0,1,0,0,0,0,1,0,0,1,0,0
24,372,0,2,0,0,1,0,0,1,0,0,1,0,0,1
25,672,3,2,0,0,1,0,0,1,0,0,1,0,0,2
21,244,0,2,0,0,1,0,0,1,0,0,1,0,0,1
24,691,0,2,0,0,1,0,0,1,0,0,0,1,0,2
23,873,0,3,0,0,1,0,0,1,0,0,0,1,0,2
20,469,0,3,0,0,1,0,0,0,1,0,1,0,0,0
8,657,0,3,0,1,0,0,0,1,0,0,0,1,0,2
8,270,0,3,0,1,0,0,0,0,1,0,0,1,0,1
8,455,0,3,0,1,0,0,0,1,0,0,0,1,0,0
19,252,0,3,0,0,1,0,0,0,1,0,1,0,0,1
21,430,0,2,0,0,1,0,1,0,0,0,0,1,0,0
6,601,1,2,0,1,0,0,0,1,0,0,0,1,0,0
19,224,0,1,0,0,1,0,0,0,0,1,1,0,0,1
12,614,0,3,0,1,0,0,0,0,1,0,1,0,0,0
17,842,0,2,0,0,1,0,0,1,0,0,1,0,0,2
29,848,0,2,0,0,1,0,1,0,0,0,1,0,0,2
8,487,0,3,0,1,0,0,0,0,1,0,0,1,0,0
18,585,0,3,0,0,1,0,0,0,1,0,0,1,0,0
21,547,0,3,0,0,1,0,0,1,0,0,1,0,0,0
20,385,0,2,0,0,1,0,0,0,0,1,0,1,0,1
25,617,0,3,0,1,0,0,0,0,1,0,1,0,0,0
9,628,0,4,0,1,0,0,0,1,0,0,1,0,0,0
1,754,0,3,1,0,0,0,0,0,1,0,0,1,0,2
4,666,0,4,0,1,0,0,0,0,0,1,1,0,0,2
8,489,0,2,0,1,0,0,0,0,1,0,0,1,0,0
18,340,0,2,0,0,1,0,0,0,1,0,0,1,0,1
6,379,0,3,0,1,0,0,0,0,1,0,0,1,0,1
22,476,0,2,0,0,1,0,0,1,0,0,1,0,0,0
19,271,0,1,0,0,1,0,0,1,0,0,0,1,0,1
6,262,0,4,0,1,0,0,0,1,0,0,1,0,0,1
5,235,0,2,1,0,0,0,0,1,0,0,1,0,0,1
4,288,0,3,0,1,0,0,0,1,0,0,1,0,0,1
5,562,0,3,0,1,0,0,0,1,0,0,1,0,0,0
7,794,0,3,1,0,0,0,1,0,0,0,0,0,1,2
12,320,0,4,1,0,0,0,0,0,1,0,0,1,0,1
24,729,1,2,0,1,0,0,0,1,0,0,0,1,0,2
22,217,1,3,0,1,0,0,0,1,0,0,0,1,0,1
17,845,0,2,0,1,0,0,0,1,0,0,1,0,0,2
14,716,0,2,0,0,1,0,0,0,0,1,0,1,0,2
17,785,3,2,0,0,1,0,0,0,1,0,0,1,0,2
6,531,1,1,1,0,0,0,0,0,0,1,1,0,0,0
15,429,0,4,0,1,0,0,0,1,0,0,1,0,0,0
9,636,0,2,0,1,0,0,0,0,1,0,1,0,0,0
13,711,1,1,0,1,0,0,0,0,1,0,0,1,0,2
23,187,0,3,0,0,1,0,0,0,1,0,0,1,0,1
26,800,0,2,0,0,1,0,0,0,1,0,0,1,0,2
24,670,0,2,0,0,1,0,0,1,0,0,1,0,0,2
10,383,0,3,1,0,0,0,0,1,0,0,1,0,0,1
21,384,0,3,0,0,1,0,0,1,0,0,0,1,0,1
5,646,0,3,0,1,0,0,0,0,1,0,1,0,0,0
10,712,0,4,0,1,0,0,0,0,0,1,1,0,0,2
28,422,0,1,0,0,1,0,0,0,0,1,0,1,0,0
25,635,3,2,0,1,0,0,0,0,1,0,1,0,0,0
21,423,0,4,0,1,0,0,0,1,0,0,0,1,0,0
6,284,0,3,0,1,0,0,0,1,0,0,0,1,0,1
17,437,0,3,0,1,0,0,0,0,1,0,1,0,0,0
20,650,1,4,0,0,1,0,0,1,0,0,1,0,0,2
22,635,0,2,0,0,1,0,0,1,0,0,1,0,0,0
5,442,0,2,1,0,0,0,0,1,0,0,1,0,0,0
7,621,0,2,1,0,0,0,0,1,0,0,1,0,0,0
16,215,0,1,0,0,1,0,0,1,0,0,1,0,0,1
27,696,0,3,0,1,0,0,0,0,1,0,0,1,0,2
22,404,0,2,0,0,0,1,1,0,0,0,0,1,0,1
18,234,0,3,0,0,1,0,0,1,0,0,0,1,0,1
4,295,0,4,0,1,0,0,0,1,0,0,1,0,0,1
19,768,0,1,1,0,0,0,0,0,1,0,1,0,0,2
21,278,0,3,0,0,1,0,0,1,0,0,1,0,0,1
7,487,0,3,1,0,0,0,0,1,0,0,0,1,0,0
18,606,2,1,0,0,1,0,0,1,0,0,0,1,0,0
7,511,0,3,1,0,0,0,0,1,0,0,1,0,0,0
18,200,1,1,0,1,0,0,0,0,1,0,1,0,0,1
8,623,0,2,1,0,0,0,0,0,1,0,1,0,0,0
20,589,4,3,0,0,0,1,0,0,1,0,1,0,0,0
24,625,0,2,0,0,1,0,0,0,1,0,0,1,0,0
17,604,2,5,0,0,0,1,0,0,1,0,1,0,0,0
6,719,0,4,0,1,0,0,0,0,1,0,1,0,0,2
22,600,0,2,0,0,1,0,0,0,1,0,0,1,0,0
5,306,0,3,1,0,0,0,1,0,0,0,1,0,0,1
6,405,0,3,0,1,0,0,0,1,0,0,0,1,0,1
18,843,0,1,0,1,0,0,1,0,0,0,1,0,0,2
20,606,0,4,0,1,0,0,0,0,1,0,0,1,0,0
7,456,0,3,1,0,0,0,0,1,0,0,0,1,0,0
6,686,0,4,0,1,0,0,0,0,1,0,1,0,0,2
28,643,0,3,0,0,1,0,0,0,1,0,1,0,0,0
14,616,0,2,0,1,0,0,0,1,0,0,0,1,0,0
27,830,0,1,0,0,1,0,0,1,0,0,1,0,0,2
5,548,0,2,0,1,0,0,0,1,0,0,0,1,0,0
20,286,1,2,0,1,0,0,0,1,0,0,1,0,0,1
9,514,0,4,0,1,0,0,0,0,0,1,1,0,0,0
14,763,0,3,0,1,0,0,0,1,0,0,1,0,0,2
11,234,0,2,0,1,0,0,1,0,0,0,1,0,0,1
11,782,0,3,1,0,0,0,0,1,0,0,1,0,0,2
17,523,0,2,0,0,1,0,0,0,1,0,0,1,0,0
19,353,3,2,0,0,1,0,0,1,0,0,1,0,0,1
19,824,0,1,0,0,1,0,1,0,0,0,0,1,0,2
23,738,0,2,0,1,0,0,0,0,1,0,0,1,0,2
11,435,0,2,0,1,0,0,0,0,1,0,1,0,0,0
11,601,0,4,1,0,0,0,0,1,0,0,1,0,0,0
13,567,0,2,0,1,0,0,0,1,0,0,1,0,0,0
20,355,0,3,0,0,1,0,0,0,1,0,0,1,0,1
25,786,2,2,0,0,1,0,0,0,1,0,0,1,0,2
6,220,1,4,0,1,0,0,0,0,1,0,0,1,0,1
18,290,2,3,0,1,0,0,0,1,0,0,0,1,0,1
31,640,0,2,0,0,1,0,0,1,0,0,1,0,0,0
5,303,0,3,0,1,0,0,0,1,0,0,0,1,0,1
22,681,0,4,0,1,0,0,1,0,0,0,1,0,0,2
6,819,0,4,0,1,0,0,0,0,1,0,1,0,0,2
26,606,1,2,0,0,1,0,1,0,0,0,0,1,0,0
7,340,0,3,1,0,0,0,0,1,0,0,1,0,0,1
17,320,0,4,0,1,0,0,0,1,0,0,0,1,0,1
4,722,0,2,1,0,0,0,1,0,0,0,1,0,0,2
17,819,0,3,0,1,0,0,1,0,0,0,0,1,0,2
13,380,0,2,0,1,0,0,0,1,0,0,0,1,0,1
17,569,0,3,0,0,1,0,0,1,0,0,0,1,0,0
17,646,0,2,0,1,0,0,0,0,1,0,0,1,0,0
4,464,0,3,1,0,0,0,1,0,0,0,0,1,0,0
16,605,0,3,0,1,0,0,0,1,0,0,1,0,0,0
7,806,0,3,0,1,0,0,0,1,0,0,1,0,0,2
17,460,2,2,0,0,1,0,1,0,0,0,0,1,0,0
16,360,1,2,0,0,1,0,0,0,1,0,1,0,0,1
10,204,0,3,1,0,0,0,0,1,0,0,1,0,0,1
12,272,0,3,0,1,0,0,0,1,0,0,0,1,0,1
23,452,0,3,0,0,1,0,0,1,0,0,0,1,0,0
18,471,3,2,0,0,1,0,0,0,0,1,1,0,0,0
23,550,0,3,0,1,0,0,0,1,0,0,0,1,0,0
9,686,0,3,0,1,0,0,1,0,0,0,1,0,0,2
28,271,0,1,0,0,0,1,0,0,1,0,0,1,0,1
11,714,0,3,1,0,0,0,0,1,0,0,0,1,0,2
9,325,1,2,1,0,0,0,0,1,0,0,1,0,0,1
7,807,0,3,0,1,0,0,0,1,0,0,1,0,0,2
4,527,0,3,0,1,0,0,0,1,0,0,1,0,0,0
7,196,0,4,0,1,0,0,0,1,0,0,0,1,0,1
22,841,0,1,0,0,0,1,0,1,0,0,0,1,0,2
19,548,0,2,0,0,1,0,0,1,0,0,0,1,0,0
15,766,0,4,0,1,0,0,0,0,0,1,0,1,0,2
7,386,0,4,0,1,0,0,0,0,1,0,1,0,0,1
24,640,0,4,0,1,0,0,0,0,1,0,1,0,0,0
20,381,0,1,0,0,1,0,0,1,0,0,0,1,0,1
7,691,1,3,0,1,0,0,0,1,0,0,1,0,0,2
18,845,0,3,0,1,0,0,0,0,1,0,0,1,0,2
25,352,0,2,0,0,1,0,1,0,0,0,1,0,0,1
4,246,0,2,1,0,0,0,1,0,0,0,0,0,1,1
24,699,1,1,0,1,0,0,0,0,0,1,0,1,0,2
25,750,0,2,0,1,0,0,0,1,0,0,0,1,0,2
20,512,0,3,0,0,1,0,0,0,1,0,1,0,0,0
25,343,0,2,0,0,1,0,0,0,1,0,1,0,0,1
17,508,0,3,0,1,0,0,0,1,0,0,0,1,0,0
11,436,0,2,1,0,0,0,1,0,0,0,1,0,0,0
18,694,0,2,0,0,1,0,0,0,1,0,1,0,0,2
11,503,0,2,0,1,0,0,0,1,0,0,1,0,0,0
16,536,0,2,0,0,1,0,0,0,1,0,1,0,0,0
13,393,0,2,0,1,0,0,0,1,0,0,1,0,0,1
16,648,0,5,0,0,1,0,0,1,0,0,1,0,0,0
18,267,0,1,0,0,1,0,0,1,0,0,1,0,0,1
18,406,1,1,0,0,0,1,0,0,1,0,1,0,0,1
4,395,0,2,0,1,0,0,0,1,0,0,1,0,0,1
6,362,0,3,0,1,0,0,0,1,0,0,1,0,0,1
10,297,0,2,0,1,0,0,1,0,0,0,0,1,0,1
22,551,0,1,0,0,1,0,0,0,1,0,0,1,0,0
19,420,0,2,0,0,1,0,1,0,0,0,1,0,0,0
31,706,0,2,0,1,0,0,0,0,1,0,0,1,0,2
10,536,0,3,0,1,0,0,0,1,0,0,0,1,0,0
18,759,1,1,0,0,0,1,1,0,0,0,1,0,0,2
14,600,0,2,0,0,1,0,0,0,1,0,1,0,0,0
15,371,0,2,0,0,1,0,0,0,1,0,0,1,0,1
20,512,2,2,0,0,1,0,1,0,0,0,0,1,0,0
14,410,0,2,0,1,0,0,0,0,1,0,0,1,0,1
25,593,1,1,0,0,1,0,0,0,1,0,0,1,0,0
5,263,2,4,0,1,0,0,0,0,1,0,0,1,0,1
19,624,0,1,0,0,1,0,1,0,0,0,1,0,0,0
7,707,0,2,0,1,0,0,0,1,0,0,0,1,0,2
9,242,0,4,0,1,0,0,0,0,0,1,0,1,0,1
26,228,1,3,0,0,1,0,1,0,0,0,1,0,0,1
16,853,0,2,1,0,0,0,0,1,0,0,0,1,0,2
19,325,1,2,0,0,1,0,0,1,0,0,1,0,0,1
19,367,1,1,0,0,1,0,1,0,0,0,0,1,0,1
16,242,0,1,0,0,1,0,1,0,0,0,1,0,0,1
21,410,0,3,0,0,1,0,0,1,0,0,0,1,0,1
20,268,0,2,0,0,1,0,0,1,0,0,0,1,0,1
7,325,0,2,0,1,0,0,1,0,0,0,1,0,0,1
25,872,1,2,0,0,1,0,0,0,0,1,0,1,0,2
5,740,0,3,1,0,0,0,1,0,0,0,0,0,1,2
19,224,0,1,0,0,1,0,0,0,0,1,1,0,0,1
8,221,0,3,0,1,0,0,0,1,0,0,0,1,0,1
17,434,0,2,0,0,1,0,0,1,0,0,1,0,0,0
30,589,1,3,0,0,1,0,0,1,0,0,0,1,0,0
26,536,0,2,0,1,0,0,0,1,0,0,1,0,0,0
23,510,0,2,0,0,1,0,0,1,0,0,0,1,0,0
22,570,0,3,0,0,1,0,0,0,0,1,0,1,0,0
20,530,0,3,0,1,0,0,0,0,1,0,0,1,0,0
12,583,1,1,0,0,1,0,1,0,0,0,1,0,0,0
18,668,3,2,0,0,0,1,0,0,0,1,1,0,0,2
9,740,0,1,1,0,0,0,1,0,0,0,0,0,1,2
19,822,2,2,0,1,0,0,1,0,0,0,0,1,0,2
20,319,0,3,0,0,1,0,1,0,0,0,0,1,0,1
13,458,0,3,0,0,1,0,0,1,0,0,1,0,0,0
6,391,0,3,0,1,0,0,0,1,0,0,1,0,0,1
16,822,0,2,0,0,1,0,0,1,0,0,0,1,0,2
6,236,0,3,1,0,0,0,0,1,0,0,0,1,0,1
9,238,1,4,0,1,0,0,0,1,0,0,0,1,0,1
12,702,0,3,0,1,0,0,0,1,0,0,0,1,0,2
7,600,0,3,0,1,0,0,0,1,0,0,0,1,0,0
5,235,0,4,0,1,0,0,0,1,0,0,0,1,0,1
12,690,0,4,1,0,0,0,0,1,0,0,0,1,0,2
16,761,0,3,0,0,1,0,0,0,1,0,1,0,0,2
22,867,0,2,0,1,0,0,0,0,0,1,1,0,0,2
8,239,0,4,0,0,1,0,0,1,0,0,1,0,0,1
16,614,0,2,0,1,0,0,0,0,1,0,0,1,0,0
26,832,0,2,0,0,1,0,0,0,1,0,1,0,0,2
20,239,0,2,0,1,0,0,0,0,1,0,0,1,0,1
7,732,0,3,0,1,0,0,0,1,0,0,0,1,0,2
13,444,0,3,0,1,0,0,0,1,0,0,0,1,0,0
17,190,0,4,0,1,0,0,0,1,0,0,1,0,0,1
21,476,0,3,0,1,0,0,0,0,1,0,1,0,0,0
23,500,2,2,0,0,0,1,0,1,0,0,1,0,0,0
10,811,0,3,0,1,0,0,0,1,0,0,1,0,0,2
4,628,0,3,0,1,0,0,0,1,0,0,0,1,0,0
24,810,0,3,0,1,0,0,0,1,0,0,1,0,0,2
18,333,0,2,0,0,1,0,1,0,0,0,1,0,0,1
11,714,0,5,0,1,0,0,0,1,0,0,0,1,0,2
10,780,0,3,1,0,0,0,1,0,0,0,0,1,0,2
18,410,0,2,0,0,1,0,0,0,1,0,0,1,0,1
24,809,0,2,0,0,1,0,0,1,0,0,0,1,0,2
24,332,0,2,0,0,1,0,0,0,1,0,1,0,0,1
19,883,1,2,0,0,1,0,0,0,1,0,0,1,0,2
21,447,0,5,0,1,0,0,0,0,1,0,0,1,0,0
9,363,0,4,0,1,0,0,0,0,0,1,1,0,0,1
28,476,1,3,0,1,0,0,0,0,1,0,1,0,0,0
4,538,0,3,0,1,0,0,0,0,1,0,0,1,0,0
0,193,0,1,1,0,0,0,0,0,1,0,1,0,0,1
6,512,0,2,0,1,0,0,0,1,0,0,0,1,0,0
29,444,0,2,0,0,1,0,0,1,0,0,1,0,0,0
23,504,2,2,0,0,1,0,0,0,0,1,1,0,0,0
16,498,0,3,0,0,1,0,0,1,0,0,0,1,0,0
19,402,0,2,0,0,1,0,0,1,0,0,0,1,0,1
26,433,3,2,0,0,1,0,0,1,0,0,1,0,0,0
27,599,0,1,0,0,1,0,0,1,0,0,0,1,0,0
7,186,0,3,0,1,0,0,0,0,1,0,0,1,0,1
17,286,4,1,0,0,1,0,0,0,1,0,1,0,0,1
4,763,0,3,1,0,0,0,0,1,0,0,0,1,0,2
22,853,1,3,0,1,0,0,0,1,0,0,0,1,0,2
24,317,0,2,0,0,1,0,1,0,0,0,1,0,0,1
8,193,0,3,0,0,1,0,0,0,1,0,1,0,0,1
4,281,0,1,0,1,0,0,1,0,0,0,1,0,0,1
23,418,1,2,0,0,1,0,0,1,0,0,1,0,0,0
9,310,0,4,1,0,0,0,0,0,1,0,1,0,0,1
25,506,1,3,0,1,0,0,0,1,0,0,1,0,0,0
16,424,0,2,0,1,0,0,0,0,1,0,1,0,0,0
20,843,2,2,0,0,1,0,0,0,1,0,0,1,0,2
12,449,2,1,0,0,0,1,1,0,0,0,0,1,0,0
22,645,2,4,0,1,0,0,0,1,0,0,0,1,0,0
7,687,0,3,1,0,0,0,1,0,0,0,1,0,0,2
16,594,0,3,0,1,0,0,0,0,1,0,0,1,0,0
21,698,1,2,0,1,0,0,0,0,1,0,1,0,0,2
23,787,0,3,0,0,1,0,0,0,0,1,0,1,0,2
20,599,1,2,0,0,1,0,0,0,0,1,1,0,0,0
10,340,1,4,1,0,0,0,0,1,0,0,1,0,0,1
4,601,0,3,0,1,0,0,0,0,1,0,0,1,0,0
21,859,3,3,0,0,1,0,0,1,0,0,1,0,0,2
8,355,0,3,0,1,0,0,0,1,0,0,0,1,0,1
18,665,0,2,0,1,0,0,0,1,0,0,1,0,0,2
7,843,0,3,0,1,0,0,0,1,0,0,0,1,0,2
9,258,0,4,0,1,0,0,0,1,0,0,0,1,0,1
15,257,0,2,0,0,1,0,0,0,0,1,0,1,0,1
20,269,1,2,0,0,1,0,0,0,1,0,0,1,0,1
11,583,0,2,0,1,0,0,0,1,0,0,1,0,0,0
5,728,0,3,0,1,0,0,0,1,0,0,1,0,0,2
8,680,0,1,1,0,0,0,0,1,0,0,1,0,0,2
10,196,0,3,0,1,0,0,0,1,0,0,1,0,0,1
6,543,0,3,1,0,0,0,0,1,0,0,0,1,0,0
25,668,0,5,0,0,1,0,0,0,0,1,0,1,0,2
6,191,0,3,0,1,0,0,0,0,1,0,0,1,0,1
7,789,0,3,1,0,0,0,0,1,0,0,1,0,0,2
21,633,0,3,0,1,0,0,0,0,1,0,0,1,0,0
7,498,1,2,1,0,0,0,0,1,0,0,1,0,0,0
7,702,0,2,1,0,0,0,1,0,0,0,0,0,1,2
5,518,0,2,0,1,0,0,0,0,1,0,0,1,0,0
32,788,0,3,0,0,1,0,0,0,1,0,0,1,0,2
22,551,1,2,0,0,1,0,0,1,0,0,1,0,0,0
20,714,0,1,0,0,0,1,0,1,0,0,1,0,0,2
16,190,0,2,0,0,1,0,0,1,0,0,1,0,0,1
5,709,0,3,0,1,0,0,0,1,0,0,0,1,0,2
19,234,1,2,0,0,1,0,0,1,0,0,1,0,0,1
13,855,0,1,1,0,0,0,0,1,0,0,1,0,0,2
11,309,0,4,0,1,0,0,0,0,1,0,0,1,0,1
9,470,0,3,0,1,0,0,0,1,0,0,0,1,0,0
6,277,1,3,0,1,0,0,0,1,0,0,0,1,0,1
21,582,0,3,0,1,0,0,0,0,0,1,1,0,0,0
18,253,1,3,0,0,1,0,0,0,1,0,1,0,0,1
8,789,0,4,0,1,0,0,0,0,1,0,1,0,0,2
16,835,0,1,1,0,0,0,1,0,0,0,1,0,0,2
14,223,1,2,0,0,1,0,0,0,1,0,1,0,0,1
5,520,0,3,0,1,0,0,1,0,0,0,1,0,0,0
10,810,0,2,0,1,0,0,0,0,1,0,0,1,0,2
7,463,0,3,0,1,0,0,0,0,1,0,0,1,0,0
27,445,0,3,0,0,1,0,0,0,1,0,0,1,0,0
18,779,0,3,0,1,0,0,1,0,0,0,1,0,0,2
25,545,1,3,0,1,0,0,0,0,1,0,1,0,0,0
20,269,1,2,0,0,1,0,0,0,1,0,0,1,0,1
4,210,1,4,1,0,0,0,0,0,1,0,0,1,0,1
25,684,0,2,0,0,1,0,0,0,0,1,0,1,0,2
7,686,0,3,1,0,0,0,0,1,0,0,0,1,0,2
5,636,0,3,1,0,0,0,1,0,0,0,0,1,0,0
21,818,0,1,0,0,1,0,1,0,0,0,1,0,0,2
15,855,0,3,0,1,0,0,0,1,0,0,1,0,0,2
12,510,0,2,0,1,0,0,0,0,0,1,0,1,0,0
22,765,0,1,0,0,1,0,0,0,0,1,1,0,0,2
17,641,0,2,0,0,1,0,1,0,0,0,1,0,0,0
28,822,1,4,0,0,1,0,0,0,0,1,0,1,0,2
26,525,1,4,0,0,1,0,0,0,1,0,1,0,0,0
20,721,0,1,0,1,0,0,1,0,0,0,0,1,0,2
6,227,1,3,0,1,0,0,0,1,0,0,0,1,0,1
17,265,0,3,0,0,1,0,0,0,1,0,0,1,0,1
8,841,0,4,1,0,0,0,0,0,1,0,1,0,0,2
23,245,2,1,0,0,1,0,1,0,0,0,1,0,0,1
33,881,0,2,0,0,1,0,0,0,1,0,0,1,0,2
4,880,0,1,1,0,0,0,0,0,1,0,1,0,0,2
24,303,0,2,0,0,1,0,0,1,0,0,1,0,0,1
8,221,0,3,0,1,0,0,0,1,0,0,0,1,0,1
25,759,0,3,0,0,1,0,0,0,1,0,1,0,0,2
23,762,0,3,0,0,1,0,0,0,1,0,1,0,0,2
7,311,0,3,0,1,0,0,0,0,0,1,1,0,0,1
14,532,0,2,0,1,0,0,0,0,1,0,1,0,0,0
21,547,1,2,0,0,0,1,0,0,1,0,1,0,0,0
25,610,2,2,0,0,0,1,0,1,0,0,0,1,0,0
6,499,0,4,1,0,0,0,0,1,0,0,0,1,0,0
15,344,0,2,0,1,0,0,0,1,0,0,0,1,0,1
4,619,0,3,0,1,0,0,0,1,0,0,0,1,0,0
13,290,0,1,0,0,1,0,0,0,1,0,1,0,0,1
19,775,0,3,0,1,0,0,0,1,0,0,1,0,0,2
16,862,0,2,0,0,1,0,0,0,1,0,1,0,0,2
4,502,0,3,0,1,0,0,1,0,0,0,1,0,0,0
20,698,1,1,0,0,1,0,0,1,0,0,0,1,0,2
26,696,0,3,0,1,0,0,0,1,0,0,1,0,0,2
6,446,0,3,1,0,0,0,0,1,0,0,1,0,0,0
22,727,4,2,0,0,1,0,0,0,1,0,0,1,0,2
4,243,0,3,0,1,0,0,1,0,0,0,1,0,0,1
17,290,0,1,0,0,1,0,0,0,1,0,0,1,0,1
20,217,1,2,0,0,0,1,0,1,0,0,0,1,0,1
9,250,0,2,0,1,0,0,0,1,0,0,0,1,0,1
17,496,0,2,0,0,1,0,0,0,1,0,1,0,0,0
9,558,0,3,0,1,0,0,0,1,0,0,0,1,0,0
10,295,0,4,0,1,0,0,0,0,1,0,0,1,0,1
15,512,0,2,0,0,1,0,0,1,0,0,1,0,0,0
13,213,0,2,0,0,1,0,0,0,1,0,1,0,0,1
15,792,0,1,0,0,1,0,1,0,0,0,0,1,0,2
4,618,0,3,1,0,0,0,1,0,0,0,0,1,0,0
25,729,0,3,0,1,0,0,0,1,0,0,1,0,0,2
17,450,3,1,0,0,1,0,0,1,0,0,1,0,0,0
14,591,0,3,0,1,0,0,0,1,0,0,0,1,0,0
20,517,0,3,0,1,0,0,1,0,0,0,1,0,0,0
13,432,0,3,0,1,0,0,0,1,0,0,1,0,0,0
6,283,0,3,0,1,0,0,0,1,0,0,1,0,0,1
21,412,1,1,0,0,1,0,0,0,1,0,0,1,0,1
6,196,0,3,0,1,0,0,0,0,0,1,0,1,0,1
8,516,0,2,1,0,0,0,0,1,0,0,0,1,0,0
19,336,1,3,0,0,1,0,0,1,0,0,0,1,0,1
19,215,0,4,0,0,1,0,0,0,1,0,1,0,0,1
16,675,0,1,0,0,1,0,0,0,1,0,1,0,0,2
16,671,1,1,0,0,1,0,1,0,0,0,0,1,0,2
4,326,0,3,0,1,0,0,0,1,0,0,0,1,0,1
19,318,1,1,0,0,0,1,0,0,1,0,0,1,0,1
9,489,0,2,1,0,0,0,1,0,0,0,0,1,0,0
14,491,2,3,0,0,1,0,0,1,0,0,1,0,0,0
5,442,1,3,0,1,0,0,1,0,0,0,0,1,0,0
12,468,1,2,0,1,0,0,1,0,0,0,0,1,0,0
6,715,0,2,1,0,0,0,0,0,1,0,0,0,1,2
23,476,0,3,0,1,0,0,0,1,0,0,0,1,0,0
22,452,0,2,0,0,1,0,0,1,0,0,1,0,0,0
9,770,0,3,0,1,0,0,0,1,0,0,0,1,0,2
16,594,0,3,0,1,0,0,0,1,0,0,0,1,0,0
8,373,0,2,0,1,0,0,0,1,0,0,1,0,0,1
14,774,0,3,0,1,0,0,0,0,1,0,1,0,0,2
20,744,0,3,0,1,0,0,0,0,1,0,1,0,0,2
18,876,0,3,0,0,0,1,0,0,1,0,1,0,0,2
7,252,0,5,0,1,0,0,0,1,0,0,1,0,0,1
4,719,0,1,1,0,0,0,1,0,0,0,0,0,1,2
25,377,0,1,0,0,1,0,0,0,0,1,0,1,0,1
17,716,1,3,0,0,1,0,0,0,0,1,0,1,0,2
4,448,0,3,1,0,0,0,0,0,1,0,1,0,0,0
5,208,0,3,0,1,0,0,0,1,0,0,1,0,0,1
24,780,1,3,0,0,1,0,0,1,0,0,1,0,0,2
21,429,3,1,0,0,1,0,1,0,0,0,1,0,0,0
14,222,0,3,0,1,0,0,0,1,0,0,0,1,0,1
9,879,0,4,0,1,0,0,0,1,0,0,0,1,0,2
20,608,0,1,0,0,1,0,0,0,1,0,0,1,0,0
8,224,0,1,1,0,0,0,1,0,0,0,0,1,0,1
14,698,0,3,0,1,0,0,0,0,1,0,1,0,0,2
22,560,0,3,0,1,0,0,0,0,0,1,0,1,0,0
7,700,0,3,0,1,0,0,1,0,0,0,1,0,0,2
7,235,0,2,1,0,0,0,0,1,0,0,0,1,0,1
8,502,0,2,0,1,0,0,0,0,1,0,0,1,0,0
25,422,0,1,0,0,1,0,0,0,0,1,1,0,0,0
11,345,0,3,1,0,0,0,0,1,0,0,0,1,0,1
9,408,1,3,0,1,0,0,0,1,0,0,1,0,0,1
31,839,0,4,0,1,0,0,0,0,1,0,1,0,0,2
16,415,0,3,0,0,1,0,0,0,1,0,0,1,0,0
4,810,1,2,1,0,0,0,1,0,0,0,1,0,0,2
27,544,0,1,0,1,0,0,0,0,0,1,0,1,0,0
24,855,0,3,0,0,1,0,0,0,1,0,1,0,0,2
4,855,0,3,1,0,0,0,0,1,0,0,1,0,0,2
26,831,1,2,0,0,1,0,0,1,0,0,1,0,0,2
12,273,0,3,0,1,0,0,0,0,1,0,0,1,0,1
10,218,0,3,1,0,0,0,0,0,1,0,0,1,0,1
26,529,0,4,0,1,0,0,0,1,0,0,1,0,0,0
15,757,0,2,0,1,0,0,0,1,0,0,1,0,0,2
11,217,0,2,0,0,1,0,0,0,1,0,1,0,0,1
25,661,0,3,0,1,0,0,0,0,0,1,1,0,0,2
12,284,0,3,0,1,0,0,0,0,1,0,1,0,0,1
31,839,0,4,0,1,0,0,0,0,1,0,1,0,0,2
17,803,1,3,0,0,1,0,0,0,1,0,1,0,0,2
21,862,0,2,0,0,1,0,1,0,0,0,1,0,0,2
12,445,0,3,0,1,0,0,0,1,0,0,0,1,0,0
22,588,0,3,0,0,1,0,0,1,0,0,1,0,0,0
6,545,0,3,0,1,0,0,0,1,0,0,0,1,0,0
9,862,0,5,0,1,0,0,0,1,0,0,1,0,0,2
17,582,0,2,0,0,1,0,0,0,0,1,1,0,0,0
16,344,0,1,0,0,1,0,0,1,0,0,1,0,0,1
4,318,1,2,1,0,0,0,1,0,0,0,0,0,1,1
5,290,0,2,1,0,0,0,0,1,0,0,0,1,0,1
16,858,0,2,0,0,1,0,1,0,0,0,0,1,0,2
17,354,1,4,0,0,1,0,0,0,1,0,0,1,0,1
7,723,0,3,1,0,0,0,0,1,0,0,0,0,1,2
13,414,0,3,0,1,0,0,0,0,1,0,0,1,0,1
4,789,0,4,0,1,0,0,0,0,0,1,0,1,0,2
17,594,0,3,0,1,0,0,0,1,0,0,1,0,0,0
9,628,0,3,1,0,0,0,0,1,0,0,1,0,0,0
18,322,1,1,0,0,0,1,1,0,0,0,0,1,0,1
19,718,0,3,0,1,0,0,0,0,0,1,1,0,0,2
11,726,0,3,0,1,0,0,0,0,1,0,1,0,0,2
21,712,1,2,0,1,0,0,0,0,1,0,0,1,0,2
12,608,0,3,1,0,0,0,0,0,1,0,0,0,1,0
4,238,0,2,1,0,0,0,0,1,0,0,1,0,0,1
5,517,0,2,1,0,0,0,1,0,0,0,1,0,0,0
7,497,0,4,0,1,0,0,0,0,1,0,1,0,0,0
26,494,1,2,0,0,1,0,0,0,0,1,0,1,0,0
10,756,0,3,0,1,0,0,0,0,1,0,0,1,0,2
5,308,0,4,0,1,0,0,0,1,0,0,0,1,0,1
16,740,0,1,0,0,1,0,0,1,0,0,0,1,0,2
25,775,2,2,0,0,1,0,0,1,0,0,0,1,0,2
6,256,0,2,0,0,1,0,0,0,1,0,1,0,0,1
9,318,0,2,0,0,1,0,0,0,0,1,1,0,0,1
10,619,0,4,0,1,0,0,0,1,0,0,0,1,0,0
22,620,0,2,0,0,1,0,0,1,0,0,0,1,0,0
8,487,0,3,0,1,0,0,0,0,1,0,0,1,0,0
19,641,1,3,0,0,1,0,0,1,0,0,0,1,0,0
14,271,0,2,0,0,1,0,0,1,0,0,0,1,0,1
27,844,0,2,0,0,1,0,0,0,1,0,0,1,0,2
12,477,0,4,0,1,0,0,0,1,0,0,1,0,0,0
22,706,0,3,0,0,1,0,0,0,1,0,1,0,0,2
11,366,0,3,0,1,0,0,0,0,1,0,0,1,0,1
6,813,1,2,1,0,0,0,0,1,0,0,1,0,0,2
17,502,0,2,0,0,1,0,0,0,1,0,0,1,0,0
22,680,1,3,0,1,0,0,0,0,1,0,0,1,0,2
26,405,1,2,0,0,1,0,0,0,1,0,0,1,0,1
6,429,0,2,1,0,0,0,1,0,0,0,1,0,0,0
5,319,1,4,0,1,0,0,0,0,1,0,0,1,0,1
9,589,0,3,0,1,0,0,0,0,1,0,1,0,0,0
15,446,1,3,0,1,0,0,0,0,1,0,1,0,0,0
18,626,0,3,0,0,1,0,0,0,1,0,1,0,0,0
31,431,1,3,0,0,1,0,0,1,0,0,1,0,0,0
21,660,1,2,0,0,1,0,0,1,0,0,1,0,0,2
15,792,0,4,0,1,0,0,0,1,0,0,1,0,0,2
11,552,0,3,0,1,0,0,0,1,0,0,1,0,0,0
17,533,0,2,0,0,1,0,0,0,1,0,1,0,0,0
13,876,0,4,0,1,0,0,0,0,1,0,0,1,0,2
24,452,0,2,0,0,1,0,1,0,0,0,0,1,0,0
8,712,0,2,0,1,0,0,0,0,1,0,1,0,0,2
10,862,0,2,1,0,0,0,1,0,0,0,0,0,1,2
4,466,0,3,1,0,0,0,0,1,0,0,1,0,0,0
22,705,1,1,0,0,1,0,0,0,1,0,0,1,0,2
7,520,1,4,0,1,0,0,0,1,0,0,1,0,0,0
11,466,0,3,0,1,0,0,0,0,1,0,0,1,0,0
20,613,0,3,0,0,1,0,0,0,1,0,0,1,0,0
22,446,1,1,0,0,1,0,0,0,1,0,0,1,0,0
7,801,1,3,1,0,0,0,1,0,0,0,1,0,0,2
18,504,0,3,0,1,0,0,0,1,0,0,0,1,0,0
9,277,0,4,0,1,0,0,0,0,1,0,0,1,0,1
14,685,0,3,0,1,0,0,0,1,0,0,1,0,0,2
5,551,0,3,0,1,0,0,1,0,0,0,0,1,0,0
10,326,0,2,0,1,0,0,0,1,0,0,1,0,0,1
7,651,0,3,1,0,0,0,1,0,0,0,1,0,0,2
5,244,0,3,0,1,0,0,0,1,0,0,0,1,0,1
25,220,0,3,0,0,1,0,0,1,0,0,1,0,0,1
8,259,0,3,0,1,0,0,0,0,1,0,0,1,0,1
24,454,3,2,0,0,1,0,0,1,0,0,1,0,0,0
5,546,0,3,1,0,0,0,1,0,0,0,1,0,0,0
12,398,0,3,0,1,0,0,0,0,0,1,1,0,0,1
5,348,0,2,1,0,0,0,1,0,0,0,0,0,1,1
7,455,0,5,0,0,1,0,0,0,1,0,0,1,0,0
23,222,1,2,0,0,1,0,0,0,1,0,1,0,0,1
10,256,0,2,0,0,1,0,0,0,0,1,0,1,0,1
16,880,0,3,1,0,0,0,0,1,0,0,0,1,0,2
15,228,0,1,1,0,0,0,0,1,0,0,1,0,0,1
11,759,0,2,1,0,0,0,1,0,0,0,0,0,1,2
4,636,0,4,0,1,0,0,0,1,0,0,1,0,0,0
4,283,0,3,1,0,0,0,0,1,0,0,0,1,0,1
27,222,1,3,0,0,1,0,0,1,0,0,1,0,0,1
13,492,2,2,0,0,1,0,0,0,1,0,0,1,0,0
28,534,1,4,0,0,1,0,0,0,0,1,1,0,0,0
34,678,1,3,0,0,1,0,0,0,1,0,0,1,0,2
17,476,0,3,0,0,1,0,0,1,0,0,1,0,0,0
23,440,0,2,0,0,1,0,0,0,1,0,1,0,0,0
18,885,0,4,0,1,0,0,0,1,0,0,0,1,0,2
16,881,0,3,0,0,1,0,0,0,1,0,0,1,0,2
19,234,0,3,0,0,1,0,0,1,0,0,1,0,0,1
4,288,1,4,0,1,0,0,0,1,0,0,1,0,0,1
23,503,2,2,0,0,1,0,0,1,0,0,1,0,0,0
6,227,1,3,0,1,0,0,0,1,0,0,0,1,0,1
17,589,1,1,0,0,0,1,1,0,0,0,0,1,0,0
27,392,2,2,0,0,1,0,1,0,0,0,0,1,0,1
8,544,0,4,0,1,0,0,0,0,1,0,1,0,0,0
7,301,0,3,0,1,0,0,0,0,0,1,1,0,0,1
17,450,3,1,0,0,1,0,0,1,0,0,1,0,0,0
29,829,0,4,0,1,0,0,0,0,1,0,0,1,0,2
9,692,0,3,1,0,0,0,0,1,0,0,1,0,0,2
10,499,0,3,0,1,0,0,0,0,0,1,0,1,0,0
19,194,0,1,0,0,1,0,0,0,1,0,0,1,0,1
16,269,1,2,0,1,0,0,0,0,0,1,1,0,0,1
24,709,0,2,0,0,1,0,0,0,1,0,0,1,0,2
14,858,1,2,0,1,0,0,0,1,0,0,1,0,0,2
25,653,0,4,0,1,0,0,0,0,1,0,0,1,0,2
9,771,0,2,1,0,0,0,0,1,0,0,0,1,0,2
22,674,1,3,0,0,1,0,0,1,0,0,1,0,0,2
4,381,1,3,0,1,0,0,0,1,0,0,0,1,0,1
8,730,0,5,0,1,0,0,0,0,1,0,1,0,0,2
22,832,1,1,0,0,1,0,0,1,0,0,1,0,0,2
18,398,0,3,0,1,0,0,0,1,0,0,1,0,0,1
19,875,1,2,0,0,1,0,1,0,0,0,1,0,0,2
28,866,2,1,0,1,0,0,0,1,0,0,0,1,0,2
6,833,0,4,0,1,0,0,0,0,1,0,0,1,0,2
17,529,0,2,0,1,0,0,0,0,0,1,0,1,0,0
13,787,0,2,1,0,0,0,0,0,0,1,0,0,1,2
5,658,0,2,0,1,0,0,0,1,0,0,1,0,0,2
18,769,1,3,0,1,0,0,0,1,0,0,0,1,0,2
7,572,0,4,0,1,0,0,0,1,0,0,0,1,0,0
23,690,3,2,0,0,1,0,0,1,0,0,0,1,0,2
21,732,0,2,0,1,0,0,0,1,0,0,1,0,0,2
4,483,0,2,1,0,0,0,0,0,1,0,1,0,0,0
5,519,0,2,1,0,0,0,0,1,0,0,1,0,0,0
8,289,0,3,0,1,0,0,0,1,0,0,0,1,0,1
4,390,0,3,0,1,0,0,0,1,0,0,0,1,0,1
7,264,0,3,0,1,0,0,0,0,1,0,0,1,0,1
10,278,0,3,0,0,1,0,0,0,1,0,0,1,0,1
5,433,0,3,0,1,0,0,0,1,0,0,0,1,0,0
25,556,1,3,0,0,1,0,0,0,1,0,1,0,0,0
15,316,1,2,0,0,1,0,0,0,0,1,1,0,0,1
10,735,0,3,1,0,0,0,0,1,0,0,1,0,0,2
18,668,3,2,0,0,0,1,0,0,0,1,1,0,0,2
6,317,0,2,1,0,0,0,1,0,0,0,0,1,0,1
16,675,0,3,0,1,0,0,0,1,0,0,1,0,0,2
19,791,1,2,0,0,1,0,0,1,0,0,1,0,0,2
26,552,0,3,0,0,1,0,0,0,1,0,1,0,0,0
19,638,0,4,0,1,0,0,0,1,0,0,1,0,0,0
23,223,2,2,0,0,1,0,0,0,1,0,0,1,0,1
28,352,4,2,0,0,1,0,1,0,0,0,1,0,0,1
32,528,0,3,0,0,1,0,0,1,0,0,1,0,0,0
21,335,0,3,0,0,1,0,0,0,1,0,0,1,0,1
23,769,0,1,0,0,1,0,0,0,1,0,0,1,0,2
15,493,0,3,0,1,0,0,0,0,1,0,0,1,0,0
26,421,0,3,0,0,1,0,0,0,1,0,0,1,0,0
14,355,0,3,0,0,1,0,1,0,0,0,0,1,0,1
9,621,0,3,1,0,0,0,0,0,1,0,0,1,0,0
17,457,0,3,0,1,0,0,0,0,1,0,1,0,0,0
5,205,0,4,0,1,0,0,0,1,0,0,0,1,0,1
8,521,0,4,0,1,0,0,0,1,0,0,1,0,0,0
5,334,0,3,0,1,0,0,1,0,0,0,1,0,0,1
27,619,0,2,0,0,1,0,0,0,1,0,0,1,0,0
15,574,0,3,0,1,0,0,0,0,1,0,0,1,0,0
26,359,1,3,0,0,1,0,0,1,0,0,1,0,0,1
16,850,1,3,0,1,0,0,0,1,0,0,1,0,0,2
8,278,0,3,1,0,0,0,0,1,0,0,0,0,1,1
28,686,0,3,0,0,1,0,0,0,1,0,0,1,0,2
7,258,0,2,1,0,0,0,1,0,0,0,1,0,0,1
9,463,0,3,0,1,0,0,0,1,0,0,0,1,0,0
2,385,0,1,1,0,0,0,1,0,0,0,0,1,0,1
17,410,1,2,0,0,1,0,0,0,0,1,0,1,0,1
8,300,0,3,1,0,0,0,0,1,0,0,1,0,0,1
17,750,0,4,0,1,0,0,0,1,0,0,1,0,0,2
21,470,2,3,0,0,1,0,0,0,1,0,1,0,0,0
27,521,0,1,0,0,0,1,0,0,0,1,1,0,0,0
20,866,3,3,0,0,0,1,0,1,0,0,0,1,0,2
13,471,0,3,0,1,0,0,0,1,0,0,1,0,0,0
17,603,0,2,0,0,1,0,1,0,0,0,1,0,0,0
8,256,0,2,0,1,0,0,1,0,0,0,0,1,0,1
5,442,0,2,0,1,0,0,0,0,0,1,1,0,0,0
14,876,0,2,0,1,0,0,1,0,0,0,1,0,0,2
13,217,1,3,0,1,0,0,0,0,1,0,1,0,0,1
16,771,0,3,0,1,0,0,0,1,0,0,0,1,0,2
28,822,1,4,0,0,1,0,0,0,0,1,0,1,0,2
6,684,0,2,1,0,0,0,1,0,0,0,1,0,0,2
4,652,0,2,1,0,0,0,1,0,0,0,0,0,1,2
8,680,0,2,0,1,0,0,0,1,0,0,1,0,0,2
5,690,0,3,1,0,0,0,0,0,1,0,0,1,0,2
16,560,0,2,0,1,0,0,1,0,0,0,0,1,0,0
24,488,1,3,0,0,1,0,0,1,0,0,1,0,0,0
20,608,0,1,0,0,1,0,0,0,1,0,0,1,0,0
23,642,0,2,0,0,1,0,0,0,1,0,0,1,0,0
17,437,0,1,0,0,1,0,1,0,0,0,1,0,0,0
4,784,0,3,1,0,0,0,1,0,0,0,1,0,0,2
11,339,0,3,0,0,1,0,0,0,1,0,1,0,0,1
20,783,1,2,0,0,1,0,1,0,0,0,1,0,0,2
23,655,0,2,0,0,1,0,0,0,1,0,1,0,0,2
8,619,1,3,0,1,0,0,0,1,0,0,1,0,0,0
19,248,0,1,0,0,1,0,0,0,0,1,0,1,0,1
19,368,0,1,0,0,1,0,0,0,1,0,1,0,0,1
10,454,0,3,0,1,0,0,0,1,0,0,0,1,0,0
22,827,0,4,0,0,1,0,0,1,0,0,1,0,0,2
7,404,1,3,1,0,0,0,1,0,0,0,0,0,1,1
22,581,0,3,0,1,0,0,0,1,0,0,1,0,0,0
27,884,0,2,0,1,0,0,0,0,0,1,0,1,0,2
15,525,1,2,0,0,1,0,0,1,0,0,0,1,0,0
16,849,0,2,0,0,1,0,0,0,1,0,0,1,0,2
17,420,0,2,0,1,0,0,0,1,0,0,1,0,0,0
5,402,0,3,0,1,0,0,0,1,0,0,1,0,0,1
12,371,0,2,0,1,0,0,0,1,0,0,0,1,0,1
11,233,0,3,0,0,1,0,0,0,1,0,1,0,0,1
12,247,0,2,0,1,0,0,0,1,0,0,1,0,0,1
8,372,0,4,0,1,0,0,0,0,1,0,0,1,0,1
6,605,0,4,0,1,0,0,0,0,1,0,0,1,0,0
22,819,1,2,0,1,0,0,0,0,1,0,0,1,0,2
28,669,0,3,0,1,0,0,0,1,0,0,0,1,0,2
17,760,0,2,0,1,0,0,0,0,1,0,1,0,0,2
20,367,0,4,0,1,0,0,0,1,0,0,1,0,0,1
7,499,1,3,1,0,0,0,1,0,0,0,1,0,0,0
15,555,1,3,0,1,0,0,0,1,0,0,0,1,0,0
14,640,0,3,0,1,0,0,0,1,0,0,0,1,0,0
10,241,0,2,0,1,0,0,0,0,1,0,0,1,0,1
12,547,0,4,0,1,0,0,0,0,1,0,0,1,0,0
5,850,0,4,0,1,0,0,0,0,1,0,1,0,0,2
4,354,0,3,0,1,0,0,0,0,1,0,0,1,0,1
6,817,0,3,1,0,0,0,0,1,0,0,1,0,0,2
20,351,2,2,0,0,0,1,0,0,0,1,1,0,0,1
5,305,0,3,0,1,0,0,0,1,0,0,0,1,0,1
6,499,0,4,1,0,0,0,0,1,0,0,0,1,0,0
5,746,0,4,0,1,0,0,0,1,0,0,1,0,0,2
21,244,0,2,0,0,1,0,0,1,0,0,1,0,0,1
17,447,0,4,0,1,0,0,0,1,0,0,0,1,0,0
10,455,0,3,1,0,0,0,0,1,0,0,1,0,0,0
5,305,0,3,0,1,0,0,0,1,0,0,0,1,0,1
6,783,0,3,0,1,0,0,0,1,0,0,0,1,0,2
7,231,0,3,0,1,0,0,0,1,0,0,0,1,0,1
23,520,0,4,0,0,1,0,0,0,1,0,0,1,0,0
4,224,0,3,0,1,0,0,0,1,0,0,1,0,0,1
8,328,0,2,1,0,0,0,0,1,0,0,1,0,0,1
22,620,0,2,0,0,1,0,0,1,0,0,0,1,0,0
14,752,0,4,0,1,0,0,0,1,0,0,0,1,0,2
15,859,0,4,0,0,1,0,0,0,1,0,1,0,0,2
21,278,0,3,0,0,1,0,0,1,0,0,1,0,0,1
10,255,0,3,0,1,0,0,0,0,0,1,1,0,0,1
14,871,0,2,0,1,0,0,0,0,1,0,1,0,0,2
26,811,0,3,0,1,0,0,0,1,0,0,0,1,0,2
11,877,0,4,0,1,0,0,0,0,1,0,0,1,0,2
16,630,0,3,0,1,0,0,0,0,0,1,0,1,0,0
22,380,0,3,0,0,1,0,0,0,0,1,0,1,0,1
18,845,0,3,0,1,0,0,0,0,0,1,1,0,0,2
11,847,0,3,0,1,0,0,0,0,0,1,0,1,0,2
22,825,0,3,0,0,1,0,0,1,0,0,0,1,0,2
16,591,3,3,0,0,1,0,0,1,0,0,1,0,0,0
4,317,0,4,0,1,0,0,0,1,0,0,0,1,0,1
21,344,1,2,0,0,1,0,0,0,0,1,1,0,0,1
11,687,0,2,0,1,0,0,1,0,0,0,1,0,0,2
19,570,0,2,0,1,0,0,0,1,0,0,1,0,0,0
6,715,0,2,1,0,0,0,0,0,1,0,0,0,1,2
10,312,0,2,0,1,0,0,0,0,0,1,1,0,0,1
7,291,0,5,0,1,0,0,0,1,0,0,1,0,0,1
9,338,0,4,1,0,0,0,0,1,0,0,1,0,0,1
4,265,0,5,0,1,0,0,0,1,0,0,0,1,0,1
23,445,0,1,0,0,1,0,0,1,0,0,0,1,0,0
23,781,1,2,0,0,1,0,0,0,1,0,1,0,0,2
5,319,0,3,0,1,0,0,0,1,0,0,0,1,0,1
5,734,0,2,1,0,0,0,0,0,1,0,1,0,0,2
9,607,0,3,1,0,0,0,0,1,0,0,1,0,0,0
4,628,0,3,0,1,0,0,0,1,0,0,0,1,0,0
4,472,0,3,0,1,0,0,0,1,0,0,0,1,0,0
7,277,0,3,0,1,0,0,0,0,1,0,0,1,0,1
14,668,0,1,0,1,0,0,0,1,0,0,1,0,0,2
5,636,0,3,1,0,0,0,1,0,0,0,0,1,0,0
5,322,0,2,0,1,0,0,0,1,0,0,0,1,0,1
23,378,2,2,0,0,0,1,1,0,0,0,1,0,0,1
7,374,0,3,0,1,0,0,0,1,0,0,1,0,0,1
17,428,0,3,0,0,1,0,0,0,1,0,1,0,0,0
6,607,1,4,0,1,0,0,0,1,0,0,0,1,0,0
15,859,0,4,0,0,1,0,0,0,1,0,1,0,0,2
4,706,0,2,1,0,0,0,1,0,0,0,0,1,0,2
7,253,0,2,0,1,0,0,0,0,1,0,1,0,0,1
9,686,0,3,0,1,0,0,1,0,0,0,1,0,0,2
9,532,0,4,0,1,0,0,0,0,0,1,1,0,0,0
4,467,0,4,0,1,0,0,0,0,0,1,0,1,0,0
9,850,0,3,1,0,0,0,0,1,0,0,1,0,0,2
23,799,1,1,0,0,1,0,0,0,0,1,0,1,0,2
23,461,2,2,0,0,1,0,0,0,0,1,1,0,0,0
13,443,0,2,0,1,0,0,0,0,1,0,1,0,0,0
18,746,0,2,0,0,1,0,0,1,0,0,0,1,0,2
26,761,1,3,0,1,0,0,0,0,1,0,1,0,0,2
17,433,0,2,0,0,1,0,1,0,0,0,0,1,0,0
17,284,0,3,0,0,1,0,0,1,0,0,0,1,0,1
12,683,0,3,0,1,0,0,0,1,0,0,1,0,0,2
17,206,0,2,0,0,1,0,0,0,1,0,1,0,0,1
23,414,0,1,0,0,1,0,0,0,0,1,1,0,0,1
6,458,0,2,0,1,0,0,0,0,1,0,0,1,0,0
17,856,0,2,0,1,0,0,0,0,1,0,0,1,0,2
16,190,0,2,0,0,1,0,0,1,0,0,1,0,0,1
11,810,0,2,0,1,0,0,0,1,0,0,1,0,0,2
10,719,0,4,1,0,0,0,0,1,0,0,1,0,0,2
25,323,3,1,0,0,0,1,0,1,0,0,1,0,0,1
18,839,0,2,0,1,0,0,0,1,0,0,0,1,0,2
21,340,1,2,0,0,1,0,0,0,0,1,0,1,0,1
25,500,0,3,0,0,1,0,0,0,1,0,1,0,0,0
5,263,2,4,0,1,0,0,0,0,1,0,0,1,0,1
9,197,0,3,1,0,0,0,0,1,0,0,1,0,0,1
5,542,0,3,1,0,0,0,1,0,0,0,0,1,0,0
22,560,0,2,0,1,0,0,0,0,1,0,0,1,0,0
21,687,0,3,0,1,0,0,0,0,0,1,1,0,0,2
20,599,1,2,0,0,1,0,0,0,0,1,1,0,0,0
4,327,0,4,0,1,0,0,0,0,0,1,0,1,0,1
25,715,0,3,0,0,1,0,0,1,0,0,1,0,0,2
8,376,0,4,1,0,0,0,0,1,0,0,0,1,0,1
12,609,0,3,0,1,0,0,0,1,0,0,1,0,0,0
5,614,0,2,0,1,0,0,0,0,1,0,1,0,0,0
18,852,2,4,0,0,0,1,0,1,0,0,0,1,0,2
21,776,0,3,0,0,1,0,0,0,1,0,1,0,0,2
9,688,0,3,0,1,0,0,0,0,1,0,1,0,0,2
23,769,0,1,0,0,1,0,0,0,1,0,0,1,0,2
7,425,0,3,0,0,1,0,0,1,0,0,0,1,0,0
10,430,0,1,0,1,0,0,1,0,0,0,0,1,0,0
27,342,1,3,0,1,0,0,0,0,1,0,0,1,0,1
31,640,0,2,0,0,1,0,0,1,0,0,1,0,0,0
23,853,0,3,0,0,1,0,0,0,1,0,1,0,0,2
5,442,0,3,1,0,0,0,0,1,0,0,0,1,0,0
6,497,0,3,1,0,0,0,0,1,0,0,1,0,0,0
18,882,0,3,0,0,1,0,0,1,0,0,0,1,0,2
25,669,0,2,0,0,1,0,0,1,0,0,0,1,0,2
15,193,0,2,0,0,1,0,0,1,0,0,0,1,0,1
22,205,1,5,0,0,1,0,0,0,0,1,0,1,0,1
29,720,1,3,0,0,1,0,0,0,1,0,1,0,0,2
18,417,0,3,0,1,0,0,0,1,0,0,0,1,0,0
30,556,0,4,0,0,1,0,0,1,0,0,0,1,0,0
15,710,0,3,0,1,0,0,0,0,0,1,0,1,0,2
29,523,3,2,0,0,0,1,1,0,0,0,1,0,0,0
25,457,0,3,0,0,1,0,0,1,0,0,1,0,0,0
8,386,0,3,0,1,0,0,1,0,0,0,1,0,0,1
26,340,0,2,0,0,1,0,0,0,1,0,1,0,0,1
6,396,0,2,0,1,0,0,0,1,0,0,1,0,0,1
21,868,1,3,0,1,0,0,0,1,0,0,0,1,0,2
25,779,0,3,0,0,1,0,0,0,1,0,1,0,0,2
30,718,0,2,0,0,1,0,1,0,0,0,1,0,0,2
19,689,0,4,0,1,0,0,0,1,0,0,0,1,0,2
5,322,0,2,0,1,0,0,0,1,0,0,0,1,0,1
20,867,0,3,0,1,0,0,0,1,0,0,1,0,0,2
32,787,0,4,0,1,0,0,0,1,0,0,0,1,0,2
22,864,1,1,0,1,0,0,0,0,1,0,0,1,0,2
14,287,1,2,0,0,1,0,0,1,0,0,0,1,0,1
26,541,0,4,0,1,0,0,0,1,0,0,0,1,0,0
30,785,1,3,0,1,0,0,0,1,0,0,0,1,0,2
24,433,0,2,0,0,1,0,0,1,0,0,0,1,0,0
27,572,0,3,0,1,0,0,0,0,1,0,1,0,0,0
18,333,0,2,0,0,1,0,1,0,0,0,1,0,0,1
11,866,0,3,0,1,0,0,0,1,0,0,0,1,0,2
26,767,0,3,0,0,1,0,0,0,1,0,1,0,0,2
22,249,0,2,0,0,1,0,1,0,0,0,1,0,0,1
7,611,0,2,1,0,0,0,0,1,0,0,0,1,0,0
12,296,0,2,0,1,0,0,0,1,0,0,1,0,0,1
26,764,0,3,0,1,0,0,0,0,1,0,1,0,0,2
7,479,0,3,0,1,0,0,0,1,0,0,1,0,0,0
7,468,0,3,0,1,0,0,0,1,0,0,0,1,0,0
7,781,0,2,1,0,0,0,0,1,0,0,1,0,0,2
19,577,0,1,0,0,0,1,1,0,0,0,0,1,0,0
22,585,0,2,0,0,1,0,0,1,0,0,1,0,0,0
7,328,0,2,0,1,0,0,0,1,0,0,1,0,0,1
7,240,0,3,0,1,0,0,0,1,0,0,0,1,0,1
0,628,0,2,1,0,0,0,0,1,0,0,1,0,0,0
32,772,0,4,0,0,1,0,0,1,0,0,1,0,0,2
17,271,0,1,0,0,1,0,0,0,0,1,0,1,0,1
9,751,0,4,1,0,0,0,0,0,1,0,1,0,0,2
15,311,2,1,0,0,1,0,1,0,0,0,0,1,0,1
7,648,0,3,1,0,0,0,0,0,1,0,1,0,0,0
26,751,1,3,0,1,0,0,0,1,0,0,0,1,0,2
17,596,1,4,0,1,0,0,0,0,1,0,0,1,0,0
27,201,0,3,0,0,1,0,0,1,0,0,0,1,0,1
11,866,0,3,0,1,0,0,0,1,0,0,0,1,0,2
8,849,0,3,1,0,0,0,1,0,0,0,0,1,0,2
17,818,0,2,1,0,0,0,1,0,0,0,0,1,0,2
5,377,0,2,1,0,0,0,1,0,0,0,1,0,0,1
16,390,0,1,0,0,1,0,0,0,1,0,0,1,0,1
19,807,1,3,0,0,1,0,0,1,0,0,0,1,0,2
28,719,0,2,0,0,1,0,0,0,1,0,0,1,0,2
9,279,0,3,0,1,0,0,1,0,0,0,1,0,0,1
27,664,0,4,0,0,1,0,0,0,1,0,0,1,0,2
20,763,0,2,0,0,1,0,0,1,0,0,1,0,0,2
4,585,0,4,0,1,0,0,0,0,0,1,0,1,0,0
24,853,0,2,0,1,0,0,0,0,1,0,1,0,0,2
7,718,0,3,0,1,0,0,1,0,0,0,0,1,0,2
6,486,0,2,0,1,0,0,1,0,0,0,0,1,0,0
8,783,0,1,0,1,0,0,0,0,1,0,1,0,0,2
20,711,0,2,0,0,1,0,0,0,1,0,1,0,0,2
4,643,0,4,0,1,0,0,0,1,0,0,0,1,0,0
7,446,0,2,0,1,0,0,0,0,0,1,0,1,0,0
16,299,0,2,0,0,1,0,0,0,1,0,0,1,0,1
17,851,0,3,0,0,1,0,0,0,1,0,1,0,0,2
14,223,1,2,0,0,1,0,0,0,1,0,1,0,0,1
32,872,0,3,0,0,1,0,0,1,0,0,1,0,0,2
6,473,0,4,0,1,0,0,0,0,1,0,0,1,0,0
17,795,1,4,0,1,0,0,0,0,1,0,0,1,0,2
4,566,0,2,0,1,0,0,0,1,0,0,1,0,0,0
11,708,0,4,1,0,0,0,0,0,1,0,1,0,0,2
26,529,0,2,0,0,1,0,0,1,0,0,0,1,0,0
9,686,0,3,0,1,0,0,1,0,0,0,1,0,0,2
21,423,0,4,0,1,0,0,0,1,0,0,0,1,0,0
4,791,0,3,1,0,0,0,1,0,0,0,1,0,0,2
21,197,0,2,0,0,1,0,0,0,1,0,1,0,0,1
8,199,0,3,0,1,0,0,1,0,0,0,1,0,0,1
16,712,0,2,0,1,0,0,0,0,0,1,1,0,0,2
23,760,1,2,0,0,1,0,0,0,1,0,0,1,0,2
23,261,0,3,0,0,1,0,0,0,1,0,1,0,0,1
23,826,0,4,0,1,0,0,0,0,0,1,0,1,0,2
25,645,0,5,0,0,1,0,0,0,1,0,0,1,0,0
26,768,2,1,0,0,1,0,0,0,0,1,0,1,0,2
8,789,0,4,0,1,0,0,0,0,1,0,1,0,0,2
18,322,1,1,0,0,0,1,1,0,0,0,0,1,0,1
5,430,0,3,1,0,0,0,1,0,0,0,0,1,0,0
20,867,0,3,0,1,0,0,0,1,0,0,1,0,0,2
15,643,0,3,0,1,0,0,0,0,1,0,0,1,0,0
8,284,0,4,0,1,0,0,1,0,0,0,1,0,0,1
18,248,2,2,0,0,1,0,0,0,0,1,0,1,0,1
8,559,0,2,0,1,0,0,1,0,0,0,1,0,0,0
17,708,0,2,0,0,1,0,0,1,0,0,0,1,0,2
4,343,0,5,0,1,0,0,0,0,1,0,1,0,0,1
17,386,0,2,0,0,1,0,0,0,0,1,0,1,0,1
15,395,0,1,0,0,1,0,0,0,0,1,1,0,0,1
8,253,0,3,0,1,0,0,0,0,1,0,0,1,0,1
27,310,0,1,0,0,1,0,1,0,0,0,1,0,0,1
6,227,1,3,0,1,0,0,0,1,0,0,0,1,0,1
12,865,0,4,0,1,0,0,0,0,0,1,0,1,0,2
12,188,0,2,0,0,1,0,0,0,1,0,1,0,0,1
17,631,0,3,0,1,0,0,0,1,0,0,1,0,0,0
25,373,1,2,0,0,1,0,1,0,0,0,1,0,0,1
10,756,0,3,0,1,0,0,0,0,1,0,0,1,0,2
13,686,0,2,0,0,1,0,0,0,1,0,1,0,0,2
5,853,1,3,1,0,0,0,1,0,0,0,0,0,1,2
15,493,0,3,0,1,0,0,0,0,1,0,0,1,0,0
7,271,0,2,0,1,0,0,0,0,1,0,0,1,0,1
19,805,0,2,0,1,0,0,0,1,0,0,0,1,0,2
12,320,0,4,1,0,0,0,0,0,1,0,0,1,0,1
15,443,1,2,0,1,0,0,1,0,0,0,1,0,0,0
21,825,0,3,0,0,1,0,0,1,0,0,1,0,0,2
6,251,0,3,0,1,0,0,0,1,0,0,0,1,0,1
20,553,0,3,0,1,0,0,0,0,1,0,0,1,0,0
24,827,1,2,0,0,0,1,0,0,1,0,0,1,0,2
20,579,1,1,0,0,1,0,0,0,1,0,0,1,0,0
6,489,0,4,0,1,0,0,0,0,1,0,1,0,0,0
7,305,0,4,1,0,0,0,0,0,1,0,1,0,0,1
5,523,0,4,0,1,0,0,0,0,1,0,0,1,0,0
25,715,0,3,0,0,1,0,0,1,0,0,1,0,0,2
24,642,1,2,0,1,0,0,1,0,0,0,0,1,0,0
19,298,0,3,0,0,1,0,0,1,0,0,0,1,0,1
17,265,0,3,0,0,1,0,0,0,1,0,0,1,0,1
21,874,0,1,0,0,1,0,1,0,0,0,1,0,0,2
6,758,0,2,1,0,0,0,0,1,0,0,0,1,0,2
19,502,1,1,0,0,1,0,1,0,0,0,1,0,0,0
15,510,0,2,0,1,0,0,0,1,0,0,1,0,0,0
6,368,0,4,0,1,0,0,0,1,0,0,1,0,0,1
24,453,0,3,0,1,0,0,1,0,0,0,1,0,0,0
4,431,0,3,1,0,0,0,1,0,0,0,1,0,0,0
14,228,0,2,0,1,0,0,1,0,0,0,1,0,0,1
11,339,0,3,0,0,1,0,0,0,1,0,1,0,0,1
31,784,0,3,0,1,0,0,0,0,1,0,0,1,0,2
8,499,1,3,0,1,0,0,0,0,1,0,0,1,0,0
9,719,0,3,1,0,0,0,0,1,0,0,1,0,0,2
19,828,0,2,0,0,1,0,1,0,0,0,0,1,0,2
24,715,0,3,0,1,0,0,0,0,1,0,1,0,0,2
13,708,0,4,0,1,0,0,0,0,1,0,1,0,0,2
12,304,0,3,0,1,0,0,0,0,0,1,0,1,0,1
21,845,0,2,0,1,0,0,0,1,0,0,0,1,0,2
17,655,0,1,0,1,0,0,0,0,1,0,0,1,0,2
10,313,0,3,1,0,0,0,1,0,0,0,1,0,0,1
7,433,0,3,0,1,0,0,0,1,0,0,0,1,0,0
26,488,0,3,0,0,1,0,0,0,0,1,0,1,0,0
13,437,0,3,0,1,0,0,0,1,0,0,0,1,0,0
9,283,0,4,0,1,0,0,0,0,1,0,0,1,0,1
4,561,0,3,1,0,0,0,0,1,0,0,1,0,0,0
16,450,0,4,0,1,0,0,0,0,0,1,0,1,0,0
26,629,0,3,0,0,1,0,0,0,1,0,0,1,0,0
19,563,0,2,0,1,0,0,0,0,1,0,1,0,0,0
22,456,0,2,0,0,1,0,0,0,0,1,1,0,0,0
7,196,0,4,0,1,0,0,0,1,0,0,1,0,0,1
5,553,0,3,0,1,0,0,0,1,0,0,0,1,0,0
5,284,0,4,0,1,0,0,0,1,0,0,0,1,0,1
18,465,3,3,0,0,1,0,0,0,1,0,0,1,0,0
25,796,0,4,0,1,0,0,0,1,0,0,1,0,0,2
5,387,0,3,1,0,0,0,0,1,0,0,0,0,1,1
21,244,0,3,0,0,1,0,0,1,0,0,0,1,0,1
4,601,0,1,0,1,0,0,0,0,1,0,0,1,0,0
16,385,0,3,0,0,1,0,0,1,0,0,0,1,0,1
21,199,1,1,0,0,1,0,0,1,0,0,1,0,0,1
20,593,0,1,0,1,0,0,0,0,1,0,1,0,0,0
10,239,0,3,0,1,0,0,0,0,0,1,0,1,0,1
9,309,0,3,1,0,0,0,1,0,0,0,1,0,0,1
22,864,0,1,0,0,1,0,0,0,1,0,1,0,0,2
9,846,0,3,0,1,0,0,0,0,1,0,1,0,0,2
6,528,0,2,1,0,0,0,0,0,0,1,0,1,0,0
6,299,0,2,0,1,0,0,0,1,0,0,0,1,0,1
15,583,0,3,0,1,0,0,0,0,1,0,0,1,0,0
22,333,0,3,0,0,1,0,0,0,1,0,0,1,0,1
23,526,0,3,0,1,0,0,0,1,0,0,0,1,0,0
17,192,2,1,0,0,1,0,0,1,0,0,1,0,0,1
24,609,0,3,0,1,0,0,0,0,1,0,0,1,0,0
13,596,0,4,0,1,0,0,0,1,0,0,1,0,0,0
24,217,0,2,0,0,1,0,0,1,0,0,1,0,0,1
9,356,0,3,0,1,0,0,0,0,1,0,1,0,0,1
6,477,0,1,0,1,0,0,1,0,0,0,0,1,0,0
6,561,0,2,0,1,0,0,1,0,0,0,0,1,0,0
22,499,0,4,0,0,1,0,0,0,1,0,0,1,0,0
9,368,0,4,0,1,0,0,0,0,1,0,0,1,0,1
25,408,0,3,0,0,1,0,0,1,0,0,0,1,0,1
34,678,1,3,0,0,1,0,0,0,1,0,0,1,0,2
13,520,2,1,0,1,0,0,1,0,0,0,0,1,0,0
18,483,0,2,0,0,0,1,0,0,0,1,1,0,0,0
22,720,1,2,0,0,1,0,1,0,0,0,0,1,0,2
21,577,1,2,0,0,1,0,0,0,1,0,0,1,0,0
34,770,0,3,0,0,1,0,0,1,0,0,1,0,0,2
7,764,0,2,1,0,0,0,1,0,0,0,0,1,0,2
14,647,0,3,1,0,0,0,0,1,0,0,1,0,0,0
5,553,0,2,1,0,0,0,0,1,0,0,0,0,1,0
16,688,0,3,0,1,0,0,0,1,0,0,0,1,0,2
6,343,0,3,0,1,0,0,0,1,0,0,1,0,0,1
23,450,1,2,0,0,1,0,0,1,0,0,1,0,0,0
11,349,0,4,0,1,0,0,0,1,0,0,1,0,0,1
10,789,0,4,1,0,0,0,0,0,1,0,0,1,0,2
4,211,0,3,1,0,0,0,1,0,0,0,0,1,0,1
13,433,0,3,0,1,0,0,0,0,0,1,1,0,0,0
5,282,0,4,0,1,0,0,0,1,0,0,1,0,0,1
16,876,0,1,0,0,1,0,0,1,0,0,0,1,0,2
25,527,2,3,0,1,0,0,0,1,0,0,1,0,0,0
27,727,0,2,0,0,1,0,0,1,0,0,1,0,0,2
22,531,0,1,0,0,1,0,1,0,0,0,1,0,0,0
21,531,0,2,0,1,0,0,0,0,0,1,1,0,0,0
19,544,0,1,0,0,1,0,1,0,0,0,0,1,0,0
4,681,0,3,1,0,0,0,1,0,0,0,0,1,0,2
4,857,0,2,1,0,0,0,0,1,0,0,0,1,0,2
6,731,0,2,1,0,0,0,1,0,0,0,1,0,0,2
21,588,0,2,0,0,1,0,0,0,0,1,1,0,0,0
4,834,0,4,0,1,0,0,0,1,0,0,0,1,0,2
11,673,1,2,0,0,0,1,1,0,0,0,0,1,0,2
5,831,0,3,0,1,0,0,0,0,1,0,0,1,0,2
25,302,0,3,0,0,1,0,0,0,0,1,0,1,0,1
28,853,0,3,0,0,1,0,0,1,0,0,1,0,0,2
9,277,0,4,0,1,0,0,0,0,1,0,0,1,0,1
10,407,0,2,1,0,0,0,1,0,0,0,1,0,0,1
25,286,0,3,0,1,0,0,0,1,0,0,0,1,0,1
11,821,0,3,1,0,0,0,0,1,0,0,0,0,1,2
11,465,0,3,0,1,0,0,1,0,0,0,0,1,0,0
32,833,1,3,0,0,1,0,0,0,1,0,0,1,0,2
13,868,0,3,0,1,0,0,0,0,1,0,1,0,0,2
20,364,0,3,0,0,1,0,0,1,0,0,1,0,0,1
12,306,0,3,0,1,0,0,0,1,0,0,0,1,0,1
22,198,4,2,0,0,1,0,1,0,0,0,1,0,0,1
23,491,3,3,0,0,1,0,0,0,1,0,0,1,0,0
6,632,0,3,0,1,0,0,0,1,0,0,1,0,0,0
26,782,1,2,0,0,1,0,0,0,1,0,1,0,0,2
8,217,0,2,1,0,0,0,1,0,0,0,0,0,1,1
18,779,0,3,0,1,0,0,1,0,0,0,1,0,0,2
17,591,0,2,0,0,1,0,0,0,1,0,1,0,0,0
7,238,0,4,1,0,0,0,0,1,0,0,1,0,0,1
14,483,0,4,0,1,0,0,0,1,0,0,1,0,0,0
25,767,1,3,0,1,0,0,0,1,0,0,0,1,0,2
4,718,0,3,1,0,0,0,0,1,0,0,1,0,0,2
25,610,3,2,0,0,0,1,1,0,0,0,0,1,0,0
19,383,3,1,0,0,0,1,1,0,0,0,1,0,0,1
24,274,1,1,0,0,1,0,0,0,1,0,0,1,0,1
17,338,0,2,0,1,0,0,1,0,0,0,0,1,0,1
9,258,0,2,1,0,0,0,0,1,0,0,0,1,0,1
16,794,0,4,0,1,0,0,0,0,1,0,1,0,0,2
5,724,0,2,1,0,0,0,0,0,1,0,0,0,1,2
27,664,0,4,0,0,1,0,0,0,1,0,0,1,0,2
28,683,0,3,0,0,1,0,0,0,0,1,1,0,0,2
7,284,0,4,0,1,0,0,0,0,1,0,0,1,0,1
5,734,0,2,1,0,0,0,0,0,1,0,1,0,0,2
5,614,1,3,0,1,0,0,0,0,1,0,1,0,0,0
21,295,1,2,0,0,1,0,0,0,1,0,1,0,0,1
18,605,0,2,0,0,1,0,0,0,1,0,0,1,0,0
26,682,0,2,0,0,1,0,0,0,1,0,1,0,0,2
19,252,0,3,0,0,1,0,0,0,1,0,1,0,0,1
23,401,1,2,0,0,1,0,0,0,1,0,1,0,0,1
17,222,1,3,0,1,0,0,0,0,1,0,1,0,0,1
5,386,0,3,0,1,0,0,0,1,0,0,0,1,0,1
10,252,1,3,0,1,0,0,0,0,1,0,1,0,0,1
19,623,0,3,0,1,0,0,1,0,0,0,1,0,0,0
8,218,0,1,0,1,0,0,0,0,0,1,0,1,0,1
25,715,0,2,0,0,1,0,0,0,0,1,1,0,0,2
23,711,0,2,0,0,1,0,0,1,0,0,0,1,0,2
23,797,0,2,0,0,1,0,0,0,0,1,1,0,0,2
4,772,0,2,1,0,0,0,0,0,0,1,0,0,1,2
24,460,0,2,0,0,1,0,0,0,0,1,0,1,0,0
23,582,0,2,0,0,1,0,0,1,0,0,1,0,0,0
15,669,3,2,0,0,1,0,0,0,0,1,0,1,0,2
19,807,1,3,0,0,1,0,0,0,1,0,0,1,0,2
16,841,0,3,0,1,0,0,0,1,0,0,1,0,0,2
5,308,0,2,0,1,0,0,0,1,0,0,0,1,0,1
19,688,1,2,0,1,0,0,0,0,0,1,0,1,0,2
8,737,0,3,0,1,0,0,0,1,0,0,1,0,0,2
10,655,0,3,1,0,0,0,0,1,0,0,0,0,1,2
9,421,0,4,0,1,0,0,0,1,0,0,1,0,0,0
10,515,0,2,0,1,0,0,0,1,0,0,0,1,0,0
7,236,0,4,0,1,0,0,0,0,1,0,0,1,0,1
21,585,0,3,0,0,1,0,0,1,0,0,1,0,0,0
20,478,0,3,0,0,1,0,0,0,1,0,0,1,0,0
7,662,0,2,1,0,0,0,0,1,0,0,0,1,0,2
16,435,0,3,0,0,1,0,0,1,0,0,1,0,0,0
26,499,0,3,0,0,1,0,0,1,0,0,1,0,0,0
8,481,0,3,1,0,0,0,1,0,0,0,0,1,0,0
26,646,0,3,0,0,1,0,0,0,1,0,1,0,0,0
5,199,0,2,0,1,0,0,0,1,0,0,0,1,0,1
17,603,0,2,0,0,1,0,1,0,0,0,1,0,0,0
6,200,0,2,1,0,0,0,0,0,1,0,0,0,1,1
10,438,1,3,0,1,0,0,0,1,0,0,0,1,0,0
9,835,0,2,1,0,0,0,0,1,0,0,0,1,0,2
10,623,0,2,0,1,0,0,0,0,0,1,0,1,0,0
21,818,0,1,0,0,1,0,1,0,0,0,1,0,0,2
17,572,0,2,0,0,1,0,0,0,0,1,0,1,0,0
5,289,0,3,0,1,0,0,0,0,1,0,1,0,0,1
16,794,0,4,0,1,0,0,0,0,1,0,1,0,0,2
12,855,0,2,0,1,0,0,1,0,0,0,1,0,0,2
13,810,0,2,1,0,0,0,0,1,0,0,0,1,0,2
7,513,0,3,0,1,0,0,0,1,0,0,0,1,0,0
19,518,0,2,0,0,1,0,1,0,0,0,0,1,0,0
7,745,0,2,1,0,0,0,0,1,0,0,0,0,1,2
10,318,0,3,0,1,0,0,0,1,0,0,0,1,0,1
24,809,0,2,0,0,1,0,0,1,0,0,1,0,0,2
25,399,0,3,0,0,1,0,0,0,1,0,1,0,0,1
17,730,0,4,0,1,0,0,0,1,0,0,1,0,0,2
14,789,0,3,0,1,0,0,0,0,1,0,1,0,0,2
20,832,0,3,0,1,0,0,0,1,0,0,1,0,0,2
7,388,0,3,0,1,0,0,1,0,0,0,1,0,0,1
29,856,0,4,0,0,1,0,0,1,0,0,0,1,0,2
24,425,0,3,0,0,1,0,0,1,0,0,1,0,0,0
9,514,0,4,0,1,0,0,0,0,0,1,1,0,0,0
7,264,0,3,0,1,0,0,0,0,1,0,0,1,0,1
26,504,1,2,0,0,1,0,0,0,1,0,0,1,0,0
7,328,0,2,0,1,0,0,0,1,0,0,1,0,0,1
14,537,1,4,0,1,0,0,0,0,0,1,1,0,0,0
5,566,0,4,1,0,0,0,0,0,1,0,0,1,0,0
14,455,0,2,0,0,1,0,0,0,1,0,1,0,0,0
8,260,0,2,0,1,0,0,0,1,0,0,0,1,0,1
15,209,1,4,0,0,1,0,0,0,1,0,1,0,0,1
21,244,0,3,0,0,1,0,0,1,0,0,0,1,0,1
26,188,0,3,0,0,1,0,0,1,0,0,1,0,0,1
29,809,1,3,0,0,1,0,0,1,0,0,1,0,0,2
10,613,0,4,0,0,1,0,0,0,0,1,0,1,0,0
23,652,0,3,0,1,0,0,0,0,1,0,1,0,0,2
6,356,1,4,0,1,0,0,0,0,0,1,1,0,0,1
27,572,0,3,0,1,0,0,0,0,1,0,1,0,0,0
25,390,0,3,1,0,0,0,0,0,1,0,0,1,0,1
10,576,0,3,1,0,0,0,0,0,1,0,1,0,0,0
17,248,0,2,0,0,0,1,0,0,1,0,1,0,0,1
17,787,1,1,0,0,1,0,0,1,0,0,0,1,0,2
6,819,0,4,0,1,0,0,0,0,1,0,1,0,0,2
21,776,0,2,0,1,0,0,0,0,1,0,0,1,0,2
14,187,1,2,0,0,1,0,0,1,0,0,0,1,0,1
12,711,1,2,0,0,1,0,1,0,0,0,1,0,0,2
20,686,0,2,0,0,1,0,0,0,1,0,1,0,0,2
5,529,0,3,1,0,0,0,1,0,0,0,0,1,0,0
22,460,1,3,0,0,1,0,1,0,0,0,0,1,0,0
22,531,0,1,0,0,1,0,0,0,0,1,1,0,0,0
19,488,0,4,0,1,0,0,0,0,1,0,1,0,0,0
4,200,0,4,0,1,0,0,0,0,1,0,0,1,0,1
16,269,1,3,0,0,1,0,0,0,1,0,1,0,0,1
7,447,0,3,0,1,0,0,0,1,0,0,0,1,0,0
10,454,0,3,0,1,0,0,0,1,0,0,0,1,0,0
23,510,0,3,0,0,1,0,0,1,0,0,1,0,0,0
25,849,0,2,0,1,0,0,0,1,0,0,0,1,0,2
5,473,0,3,1,0,0,0,0,1,0,0,1,0,0,0
15,494,0,2,0,1,0,0,0,0,1,0,0,1,0,0
16,685,0,2,0,0,1,0,1,0,0,0,1,0,0,2
24,588,0,2,0,0,1,0,0,0,1,0,0,1,0,0
10,589,0,3,1,0,0,0,0,1,0,0,0,1,0,0
9,450,0,2,1,0,0,0,1,0,0,0,1,0,0,0
12,657,0,3,0,1,0,0,0,0,1,0,1,0,0,2
31,683,0,3,0,1,0,0,0,0,1,0,0,1,0,2
12,287,0,3,0,1,0,0,0,1,0,0,1,0,0,1
12,477,0,4,0,1,0,0,0,1,0,0,1,0,0,0
9,752,0,4,0,1,0,0,0,1,0,0,1,0,0,2
25,479,0,2,0,0,1,0,0,1,0,0,0,1,0,0
14,650,1,3,0,1,0,0,0,0,1,0,1,0,0,2
16,881,0,3,0,0,1,0,0,0,1,0,0,1,0,2
33,831,0,2,0,1,0,0,0,0,1,0,0,1,0,2
11,689,0,3,0,1,0,0,1,0,0,0,0,1,0,2
18,577,3,1,0,0,1,0,0,0,0,1,0,1,0,0
7,253,0,2,1,0,0,0,0,1,0,0,0,1,0,1
15,488,0,2,0,0,1,0,0,0,1,0,0,1,0,0
19,390,0,4,0,0,1,0,0,0,1,0,0,1,0,1
23,841,3,2,0,0,0,1,0,1,0,0,0,1,0,2
15,192,0,4,1,0,0,0,0,0,1,0,0,1,0,1
6,542,0,2,0,1,0,0,1,0,0,0,1,0,0,0
18,355,0,3,0,1,0,0,0,0,1,0,0,1,0,1
6,333,0,2,1,0,0,0,1,0,0,0,1,0,0,1
28,835,2,1,0,0,1,0,1,0,0,0,0,1,0,2
4,592,0,3,1,0,0,0,0,1,0,0,1,0,0,0
21,794,0,2,0,0,1,0,0,1,0,0,0,1,0,2
14,720,0,2,0,0,1,0,0,0,1,0,1,0,0,2
20,478,0,1,0,0,1,0,1,0,0,0,0,1,0,0
32,507,2,2,0,0,1,0,0,1,0,0,0,1,0,0
7,775,0,4,0,0,1,0,0,0,0,1,0,1,0,2
7,546,0,2,1,0,0,0,0,1,0,0,0,1,0,0
23,705,0,2,0,0,1,0,0,1,0,0,0,1,0,2
18,835,0,3,0,1,0,0,1,0,0,0,1,0,0,2
14,785,0,3,0,0,1,0,0,0,1,0,0,1,0,2
4,382,0,1,1,0,0,0,0,1,0,0,0,1,0,1
15,512,0,2,0,0,1,0,0,1,0,0,1,0,0,0
14,444,0,3,0,0,1,0,0,1,0,0,1,0,0,0
20,783,1,2,0,0,1,0,1,0,0,0,1,0,0,2
29,816,1,3,0,0,1,0,0,1,0,0,1,0,0,2
9,482,0,4,0,1,0,0,0,1,0,0,0,1,0,0
5,235,0,2,0,1,0,0,1,0,0,0,1,0,0,1
17,822,0,3,0,1,0,0,0,1,0,0,0,1,0,2
22,297,3,2,0,0,1,0,0,1,0,0,0,1,0,1
7,306,0,2,1,0,0,0,0,0,1,0,0,1,0,1
26,568,0,2,0,0,1,0,0,0,1,0,1,0,0,0
7,260,0,3,0,1,0,0,0,1,0,0,1,0,0,1
25,729,0,2,0,0,1,0,0,0,0,1,0,1,0,2
5,257,0,2,0,1,0,0,0,0,0,1,1,0,0,1
5,328,0,1,1,0,0,0,1,0,0,0,0,1,0,1
21,868,0,1,0,1,0,0,0,0,1,0,0,1,0,2
20,345,1,2,0,0,1,0,0,0,1,0,1,0,0,1
26,681,0,3,0,0,1,0,0,0,0,1,0,1,0,2
26,535,0,2,0,0,1,0,0,1,0,0,1,0,0,0
18,808,0,2,0,0,1,0,1,0,0,0,0,1,0,2
6,246,1,3,0,1,0,0,0,1,0,0,0,1,0,1
10,258,0,2,0,1,0,0,0,1,0,0,0,1,0,1
23,592,1,2,0,0,1,0,0,1,0,0,0,1,0,0
6,227,0,1,0,1,0,0,1,0,0,0,0,1,0,1
17,789,0,2,0,1,0,0,1,0,0,0,1,0,0,2
5,347,0,4,0,1,0,0,0,0,1,0,0,1,0,1
16,420,1,1,0,0,0,1,0,1,0,0,0,1,0,0
25,479,0,4,0,0,1,0,0,1,0,0,1,0,0,0
15,674,1,3,0,1,0,0,1,0,0,0,1,0,0,2
20,853,0,2,0,0,1,0,1,0,0,0,0,1,0,2
20,244,3,2,0,0,0,1,1,0,0,0,0,1,0,1
7,704,0,3,0,1,0,0,1,0,0,0,1,0,0,2
28,212,2,2,0,0,1,0,0,1,0,0,1,0,0,1
11,220,0,1,0,0,1,0,0,1,0,0,1,0,0,1
12,438,0,2,0,1,0,0,0,0,0,1,1,0,0,0
5,844,1,3,1,0,0,0,0,1,0,0,0,0,1,2
15,276,1,1,0,0,0,1,0,0,1,0,0,1,0,1
27,218,0,1,0,0,0,1,0,0,0,1,0,1,0,1
18,567,0,3,0,0,1,0,0,0,0,1,0,1,0,0
7,677,0,4,0,1,0,0,0,0,1,0,0,1,0,2
5,263,0,1,1,0,0,0,1,0,0,0,1,0,0,1
15,289,0,2,0,0,1,0,1,0,0,0,0,1,0,1
9,434,0,2,0,1,0,0,0,1,0,0,1,0,0,0
14,341,1,3,0,1,0,0,0,1,0,0,1,0,0,1
14,600,0,2,0,0,1,0,0,0,1,0,1,0,0,0
28,482,0,3,0,0,1,0,0,1,0,0,0,1,0,0
7,330,0,3,0,1,0,0,1,0,0,0,1,0,0,1
5,653,0,2,0,1,0,0,0,0,1,0,1,0,0,2
5,462,1,3,0,1,0,0,0,1,0,0,0,1,0,0
21,256,0,2,0,0,0,1,0,0,1,0,0,1,0,1
22,782,1,2,0,0,1,0,0,1,0,0,1,0,0,2
24,809,0,2,0,0,1,0,0,1,0,0,0,1,0,2
18,862,2,3,0,0,1,0,0,0,1,0,1,0,0,2
31,706,0,2,0,1,0,0,0,0,1,0,0,1,0,2
23,860,2,2,0,1,0,0,0,1,0,0,1,0,0,2
6,684,0,2,1,0,0,0,1,0,0,0,1,0,0,2
8,580,0,2,0,1,0,0,0,1,0,0,0,1,0,0
8,680,0,1,1,0,0,0,0,1,0,0,1,0,0,2
4,736,0,4,0,1,0,0,0,0,1,0,0,1,0,2
6,193,0,2,0,1,0,0,0,1,0,0,0,1,0,1
22,347,0,3,0,0,1,0,0,1,0,0,0,1,0,1
22,803,4,1,0,0,0,1,0,0,1,0,1,0,0,2
26,457,1,1,0,0,1,0,0,0,0,1,0,1,0,0
30,723,0,3,0,0,1,0,0,0,1,0,1,0,0,2
5,483,0,3,1,0,0,0,0,1,0,0,0,1,0,0
20,769,2,3,0,1,0,0,0,1,0,0,0,1,0,2
14,557,0,2,0,0,1,0,0,1,0,0,1,0,0,0
19,779,0,1,0,0,1,0,0,0,1,0,1,0,0,2
24,563,0,4,0,0,1,0,0,0,1,0,0,1,0,0
7,407,0,4,0,0,1,0,0,1,0,0,0,1,0,1
15,460,0,3,0,0,1,0,0,0,0,1,0,1,0,0
9,359,0,3,1,0,0,0,1,0,0,0,0,1,0,1
8,275,0,4,1,0,0,0,0,1,0,0,0,1,0,1
23,633,0,3,0,0,1,0,0,0,0,1,1,0,0,0
6,847,0,4,0,1,0,0,0,1,0,0,0,1,0,2
20,662,0,2,0,1,0,0,0,0,1,0,0,1,0,2
24,773,0,2,0,1,0,0,0,0,0,1,0,1,0,2
4,284,0,3,0,1,0,0,0,0,1,0,0,1,0,1
6,488,0,3,1,0,0,0,0,1,0,0,1,0,0,0
22,329,3,2,0,0,1,0,1,0,0,0,0,1,0,1
5,717,0,3,1,0,0,0,0,0,0,1,1,0,0,2
5,877,0,2,1,0,0,0,0,1,0,0,1,0,0,2
23,251,0,2,0,0,1,0,1,0,0,0,1,0,0,1
9,839,0,3,0,1,0,0,0,1,0,0,0,1,0,2
19,694,0,1,0,0,1,0,0,0,0,1,1,0,0,2
20,790,0,2,0,0,1,0,1,0,0,0,1,0,0,2
22,195,0,3,0,0,1,0,0,1,0,0,0,1,0,1
9,641,0,3,0,1,0,0,0,1,0,0,1,0,0,0
9,688,0,3,0,1,0,0,0,0,1,0,1,0,0,2
9,542,0,1,0,1,0,0,0,0,0,1,0,1,0,0
18,470,0,3,0,1,0,0,0,1,0,0,1,0,0,0
19,234,0,1,0,0,1,0,0,0,0,1,1,0,0,1
23,871,0,2,0,0,1,0,0,1,0,0,0,1,0,2
16,404,0,1,0,0,1,0,0,0,1,0,0,1,0,1
17,243,0,1,0,0,1,0,0,0,0,1,0,1,0,1
5,349,0,3,1,0,0,0,0,1,0,0,1,0,0,1
18,801,1,2,0,1,0,0,0,0,1,0,1,0,0,2
28,618,1,1,0,0,0,1,1,0,0,0,1,0,0,0
10,239,0,3,0,1,0,0,0,0,0,1,0,1,0,1
26,547,0,3,0,0,1,0,0,0,1,0,0,1,0,0
15,541,3,1,0,0,1,0,0,0,1,0,0,1,0,0
9,198,0,4,0,1,0,0,0,1,0,0,1,0,0,1
10,605,0,3,0,1,0,0,0,0,0,1,1,0,0,0
8,361,0,2,0,1,0,0,0,0,1,0,1,0,0,1
26,495,0,2,0,0,1,0,0,0,0,1,1,0,0,0
22,436,0,3,0,0,1,0,0,1,0,0,1,0,0,0
28,307,0,3,0,0,1,0,0,0,1,0,1,0,0,1
21,673,1,1,0,0,1,0,0,0,0,1,1,0,0,2
21,343,2,2,0,0,0,1,0,1,0,0,0,1,0,1
16,686,1,2,0,1,0,0,0,0,1,0,1,0,0,2
5,282,1,2,0,1,0,0,1,0,0,0,1,0,0,1
17,730,0,4,0,1,0,0,0,1,0,0,1,0,0,2
16,634,0,3,0,1,0,0,0,1,0,0,1,0,0,0
12,420,0,4,0,1,0,0,0,1,0,0,0,1,0,0
25,453,0,3,1,0,0,0,0,1,0,0,1,0,0,0
18,882,0,2,0,1,0,0,0,0,1,0,0,1,0,2
11,468,0,3,0,1,0,0,0,1,0,0,0,1,0,0
6,266,0,3,0,1,0,0,0,1,0,0,1,0,0,1
4,757,1,2,0,1,0,0,1,0,0,0,0,1,0,2
11,673,0,3,1,0,0,0,1,0,0,0,1,0,0,2
9,835,0,2,1,0,0,0,0,1,0,0,0,1,0,2
21,323,2,2,0,0,0,1,0,0,0,1,1,0,0,1
8,570,0,3,0,0,1,0,0,0,1,0,0,1,0,0
22,688,0,3,0,1,0,0,0,1,0,0,1,0,0,2
4,738,0,3,1,0,0,0,0,0,1,0,1,0,0,2
16,694,0,4,0,1,0,0,0,1,0,0,1,0,0,2
12,558,0,2,0,1,0,0,1,0,0,0,1,0,0,0
10,437,0,3,1,0,0,0,1,0,0,0,1,0,0,0
16,263,0,3,0,0,1,0,0,0,1,0,1,0,0,1
19,381,1,1,0,0,1,0,0,0,1,0,0,1,0,1
10,644,0,3,0,1,0,0,0,1,0,0,0,1,0,0
27,441,1,1,0,0,0,1,0,0,0,1,0,1,0,0
16,273,2,2,0,0,0,1,0,0,1,0,1,0,0,1
6,624,0,4,1,0,0,0,0,0,1,0,1,0,0,0
21,223,3,2,0,0,0,1,0,1,0,0,0,1,0,1
16,855,1,2,0,0,1,0,0,1,0,0,1,0,0,2
18,737,0,3,0,1,0,0,0,1,0,0,0,1,0,2
18,715,1,3,0,1,0,0,0,1,0,0,0,1,0,2
12,364,0,2,0,0,1,0,0,1,0,0,0,1,0,1
5,664,0,2,1,0,0,0,0,1,0,0,1,0,0,2
4,373,0,2,1,0,0,0,0,0,1,0,0,1,0,1
10,847,0,3,1,0,0,0,0,1,0,0,1,0,0,2
4,203,0,1,0,1,0,0,0,0,1,0,1,0,0,1
9,470,0,3,0,1,0,0,0,1,0,0,0,1,0,0
7,420,0,3,0,1,0,0,0,1,0,0,1,0,0,0
23,766,0,3,0,0,1,0,0,1,0,0,1,0,0,2
17,687,1,2,0,1,0,0,0,0,1,0,1,0,0,2
12,471,0,2,0,0,1,0,0,0,1,0,0,1,0,0
23,305,0,3,0,0,1,0,0,0,1,0,0,1,0,1
17,591,0,1,0,0,1,0,0,0,1,0,1,0,0,0
11,686,0,2,0,1,0,0,1,0,0,0,1,0,0,2
24,513,3,2,0,0,0,1,0,1,0,0,1,0,0,0
27,704,0,2,0,1,0,0,0,1,0,0,0,0,1,2
25,877,0,1,0,0,1,0,0,0,1,0,1,0,0,2
4,643,0,4,0,1,0,0,0,1,0,0,0,1,0,0
6,671,0,2,0,1,0,0,1,0,0,0,1,0,0,2
8,626,0,4,1,0,0,0,0,0,1,0,1,0,0,0
6,277,0,3,1,0,0,0,0,0,0,1,1,0,0,1
4,828,0,5,0,1,0,0,0,1,0,0,1,0,0,2
9,323,0,3,1,0,0,0,0,1,0,0,1,0,0,1
6,636,0,3,0,1,0,0,1,0,0,0,0,1,0,0
17,345,0,4,0,1,0,0,0,0,1,0,1,0,0,1
19,330,0,3,0,0,1,0,0,0,0,1,0,1,0,1
28,684,0,3,0,0,1,0,0,0,1,0,0,1,0,2
8,312,0,3,0,1,0,0,0,1,0,0,0,1,0,1
4,660,0,4,1,0,0,0,0,0,1,0,1,0,0,2
5,441,0,1,1,0,0,0,0,0,0,1,1,0,0,0
26,846,1,3,0,1,0,0,0,0,0,1,0,1,0,2
10,883,0,3,1,0,0,0,1,0,0,0,0,1,0,2
25,662,1,2,0,0,1,0,0,0,0,1,0,1,0,2
23,401,0,3,0,0,1,0,0,0,1,0,1,0,0,1
9,415,0,3,1,0,0,0,0,1,0,0,1,0,0,0
29,612,0,3,0,1,0,0,0,1,0,0,1,0,0,0
12,460,1,3,0,1,0,0,1,0,0,0,1,0,0,0
15,392,0,3,0,0,1,0,0,0,0,1,1,0,0,1
29,819,0,4,0,0,1,0,0,1,0,0,1,0,0,2
22,579,0,2,0,0,1,0,0,0,0,1,1,0,0,0
6,644,0,3,0,1,0,0,1,0,0,0,1,0,0,0
24,692,1,2,0,0,1,0,1,0,0,0,1,0,0,2
18,609,0,1,0,1,0,0,1,0,0,0,1,0,0,0
29,828,0,4,0,0,1,0,0,1,0,0,1,0,0,2
7,398,0,3,1,0,0,0,0,1,0,0,1,0,0,1
6,396,0,3,0,1,0,0,0,1,0,0,0,1,0,1
21,842,0,3,0,1,0,0,0,1,0,0,1,0,0,2
12,397,0,2,0,1,0,0,0,1,0,0,1,0,0,1
9,206,0,3,0,1,0,0,0,0,1,0,1,0,0,1
28,477,2,2,0,0,1,0,0,1,0,0,1,0,0,0
14,867,0,2,0,0,1,0,0,1,0,0,1,0,0,2
22,370,0,2,0,0,1,0,0,0,0,1,0,1,0,1
5,663,0,4,0,1,0,0,0,0,0,1,1,0,0,2
21,466,1,3,0,1,0,0,0,1,0,0,1,0,0,0
15,193,0,2,0,0,1,0,0,0,1,0,1,0,0,1
8,213,0,3,0,1,0,0,0,0,1,0,0,1,0,1
5,189,0,4,0,1,0,0,0,0,0,1,1,0,0,1
7,653,0,1,1,0,0,0,0,0,1,0,1,0,0,2
27,817,0,2,0,0,1,0,0,1,0,0,1,0,0,2
26,529,0,2,0,0,1,0,0,1,0,0,0,1,0,0
25,726,0,3,0,0,1,0,0,0,0,1,1,0,0,2
25,593,0,4,0,1,0,0,0,1,0,0,0,1,0,0
10,370,0,3,0,1,0,0,0,1,0,0,1,0,0,1
8,580,0,2,0,1,0,0,0,1,0,0,0,1,0,0
17,433,0,2,0,0,1,0,1,0,0,0,0,1,0,0
7,719,0,4,0,1,0,0,0,1,0,0,1,0,0,2
32,872,0,3,0,0,1,0,0,1,0,0,1,0,0,2
15,725,0,2,0,0,1,0,0,0,0,1,1,0,0,2
7,482,0,2,0,1,0,0,0,0,0,1,1,0,0,0
17,794,0,3,0,0,1,0,0,0,0,1,0,1,0,2
9,271,0,3,0,1,0,0,1,0,0,0,1,0,0,1
5,439,0,3,0,1,0,0,0,1,0,0,1,0,0,0
19,514,0,3,0,1,0,0,0,0,0,1,1,0,0,0
20,372,0,3,0,0,1,0,0,0,1,0,1,0,0,1
5,473,0,3,1,0,0,0,0,1,0,0,1,0,0,0
20,721,0,1,0,1,0,0,1,0,0,0,0,1,0,2
21,543,0,2,0,0,1,0,1,0,0,0,1,0,0,0
19,328,0,2,0,0,1,0,0,1,0,0,1,0,0,1
5,545,0,3,1,0,0,0,0,1,0,0,0,1,0,0
7,280,0,1,1,0,0,0,0,0,1,0,0,0,1,1
10,669,0,4,0,1,0,0,0,1,0,0,1,0,0,2
11,557,0,3,0,1,0,0,0,0,1,0,0,1,0,0
9,858,0,3,1,0,0,0,0,1,0,0,1,0,0,2
15,440,0,2,0,1,0,0,0,0,1,0,1,0,0,0
17,785,0,3,0,1,0,0,0,0,1,0,1,0,0,2
30,718,0,2,0,0,1,0,1,0,0,0,1,0,0,2
22,428,1,1,0,1,0,0,0,0,0,1,0,1,0,0
27,684,0,3,0,1,0,0,0,1,0,0,1,0,0,2
18,747,0,2,0,0,0,1,1,0,0,0,0,1,0,2
23,276,1,3,0,0,1,0,0,0,1,0,1,0,0,1
8,454,0,2,0,1,0,0,0,1,0,0,1,0,0,0
4,421,0,3,0,1,0,0,0,1,0,0,0,1,0,0
21,488,0,3,0,1,0,0,0,1,0,0,0,1,0,0
4,437,0,2,1,0,0,0,0,1,0,0,0,0,1,0
13,244,0,3,0,0,1,0,0,1,0,0,1,0,0,1
22,743,2,1,0,0,1,0,1,0,0,0,1,0,0,2
26,846,1,3,0,1,0,0,0,0,0,1,0,1,0,2
5,590,0,4,0,1,0,0,0,0,0,1,0,1,0,0
19,458,0,2,0,0,1,0,0,1,0,0,1,0,0,0
15,583,0,3,0,1,0,0,0,0,1,0,1,0,0,0
20,824,2,3,0,0,1,0,0,1,0,0,0,1,0,2
10,763,2,3,0,0,1,0,0,1,0,0,1,0,0,2
5,287,0,4,0,1,0,0,0,1,0,0,0,1,0,1
27,224,0,3,0,0,1,0,0,0,0,1,0,1,0,1
6,836,0,3,1,0,0,0,1,0,0,0,0,1,0,2
20,316,2,3,0,0,1,0,0,1,0,0,0,1,0,1
7,672,0,2,1,0,0,0,0,1,0,0,0,0,1,2
7,794,0,3,1,0,0,0,1,0,0,0,0,0,1,2
8,570,0,3,0,0,1,0,0,0,1,0,0,1,0,0
19,747,1,2,0,0,1,0,0,1,0,0,1,0,0,2
13,572,0,3,0,1,0,0,0,0,0,1,0,1,0,0
21,836,1,1,0,0,1,0,0,0,1,0,1,0,0,2
23,578,0,3,0,0,1,0,0,0,1,0,1,0,0,0
24,741,1,2,0,1,0,0,0,1,0,0,0,1,0,2
6,230,0,4,0,1,0,0,0,0,0,1,1,0,0,1
7,426,0,3,0,1,0,0,0,1,0,0,0,1,0,0
19,526,0,3,0,1,0,0,0,0,1,0,0,1,0,0
26,393,0,3,0,0,1,0,0,1,0,0,0,1,0,1
7,493,0,3,1,0,0,0,0,1,0,0,0,1,0,0
27,345,0,3,0,0,1,0,0,0,0,1,0,1,0,1
22,631,0,1,0,0,1,0,0,0,1,0,0,1,0,0
4,805,0,2,1,0,0,0,0,1,0,0,1,0,0,2
9,841,0,3,0,1,0,0,0,1,0,0,0,1,0,2
4,509,0,4,1,0,0,0,0,1,0,0,0,1,0,0
10,854,0,3,0,1,0,0,0,1,0,0,1,0,0,2
23,881,0,3,0,1,0,0,0,0,1,0,0,1,0,2
7,195,1,4,0,1,0,0,0,0,1,0,1,0,0,1
24,454,3,2,0,0,1,0,0,1,0,0,1,0,0,0
18,517,0,3,0,0,1,0,0,0,1,0,1,0,0,0
18,642,1,2,0,0,1,0,1,0,0,0,0,1,0,0
23,850,0,2,0,0,1,0,0,0,1,0,0,1,0,2
4,424,0,5,0,1,0,0,0,1,0,0,1,0,0,0
5,619,0,2,0,1,0,0,0,1,0,0,1,0,0,0
20,661,1,1,0,0,1,0,0,1,0,0,0,1,0,2
8,870,0,3,1,0,0,0,0,1,0,0,0,0,1,2
17,356,0,1,0,0,1,0,0,0,1,0,0,1,0,1
15,270,0,3,0,0,1,0,0,0,1,0,1,0,0,1
15,456,1,3,0,1,0,0,0,1,0,0,1,0,0,0
5,235,0,2,1,0,0,0,0,1,0,0,1,0,0,1
10,306,0,2,0,0,1,0,0,0,1,0,0,1,0,1
11,878,0,3,1,0,0,0,0,0,1,0,0,1,0,2
5,336,0,2,1,0,0,0,0,1,0,0,1,0,0,1
7,343,0,4,0,1,0,0,0,1,0,0,1,0,0,1
12,699,0,3,0,1,0,0,0,1,0,0,1,0,0,2
7,307,0,2,1,0,0,0,0,0,1,0,1,0,0,1
28,349,2,2,0,0,1,0,0,1,0,0,1,0,0,1
19,404,1,1,0,0,1,0,0,0,1,0,1,0,0,1
5,282,0,3,0,1,0,0,0,1,0,0,0,1,0,1
11,283,0,5,0,1,0,0,0,0,1,0,0,1,0,1
16,544,0,4,0,0,1,0,0,1,0,0,0,1,0,0
8,446,0,3,0,1,0,0,0,0,1,0,0,1,0,0
7,382,0,4,0,1,0,0,0,0,1,0,0,1,0,1
16,836,1,2,0,0,1,0,0,1,0,0,1,0,0,2
11,338,0,3,1,0,0,0,0,1,0,0,1,0,0,1
15,456,1,3,0,1,0,0,0,1,0,0,1,0,0,0
5,553,0,3,0,1,0,0,0,1,0,0,0,1,0,0
8,234,0,3,0,1,0,0,1,0,0,0,0,1,0,1
13,247,0,3,0,1,0,0,0,0,1,0,0,1,0,1
5,344,0,3,0,1,0,0,0,1,0,0,0,1,0,1
22,295,1,3,0,0,1,0,0,0,1,0,0,1,0,1
12,341,0,2,0,0,1,0,0,0,1,0,1,0,0,1
26,812,0,3,0,0,1,0,0,0,1,0,0,1,0,2
13,303,0,3,0,0,1,0,0,1,0,0,1,0,0,1
20,518,0,3,0,1,0,0,0,0,1,0,1,0,0,0
23,577,1,1,0,0,1,0,0,0,0,1,0,1,0,0
6,430,0,2,1,0,0,0,1,0,0,0,0,0,1,0
8,556,0,2,0,1,0,0,0,1,0,0,0,1,0,0
20,686,0,2,0,0,1,0,0,0,1,0,1,0,0,2
14,645,4,1,0,0,0,1,1,0,0,0,0,1,0,0
18,374,3,2,0,0,0,1,1,0,0,0,1,0,0,1
5,404,0,3,0,1,0,0,0,1,0,0,1,0,0,1
18,302,1,2,0,0,1,0,0,0,1,0,1,0,0,1
27,552,3,1,0,0,1,0,0,1,0,0,0,1,0,0
23,349,0,3,0,0,1,0,0,1,0,0,1,0,0,1
17,521,0,3,0,0,1,0,0,0,0,1,1,0,0,0
22,297,2,3,0,0,1,0,0,0,1,0,1,0,0,1
19,720,2,2,0,0,1,0,0,1,0,0,0,1,0,2
17,740,0,1,0,0,1,0,0,0,1,0,0,1,0,2
19,805,0,2,0,1,0,0,0,1,0,0,0,1,0,2
15,724,1,3,0,1,0,0,0,1,0,0,1,0,0,2
12,434,0,3,0,1,0,0,0,0,1,0,1,0,0,0
9,423,0,3,1,0,0,0,0,1,0,0,1,0,0,0
21,665,1,3,0,1,0,0,0,1,0,0,0,1,0,2
7,253,0,2,0,1,0,0,0,0,1,0,1,0,0,1
9,591,0,2,1,0,0,0,0,1,0,0,0,0,1,0
5,289,0,3,0,1,0,0,0,0,1,0,0,1,0,1
28,721,1,3,0,0,1,0,0,0,1,0,1,0,0,2
23,329,1,3,0,0,1,0,0,1,0,0,0,1,0,1
24,235,1,2,0,0,1,0,0,0,1,0,0,1,0,1
17,356,0,2,0,0,1,0,0,0,1,0,0,1,0,1
7,291,0,3,1,0,0,0,0,1,0,0,0,0,1,1
25,675,0,1,0,0,0,1,1,0,0,0,0,1,0,2
5,679,0,3,0,1,0,0,0,1,0,0,1,0,0,2
4,882,0,2,1,0,0,0,0,0,0,1,1,0,0,2
25,786,2,2,0,0,1,0,0,0,1,0,0,1,0,2
22,883,1,3,0,0,1,0,0,0,1,0,1,0,0,2
10,650,0,3,1,0,0,0,0,0,0,1,0,1,0,2
8,255,0,1,0,1,0,0,0,1,0,0,1,0,0,1
17,498,1,3,0,1,0,0,0,1,0,0,1,0,0,0
20,562,1,4,0,1,0,0,0,0,1,0,1,0,0,0
10,189,0,4,0,1,0,0,0,1,0,0,1,0,0,1
8,514,0,2,1,0,0,0,1,0,0,0,0,0,1,0
26,769,0,2,0,1,0,0,0,1,0,0,1,0,0,2
19,805,0,2,0,1,0,0,0,1,0,0,0,1,0,2
23,729,0,3,0,0,1,0,0,1,0,0,1,0,0,2
6,684,0,2,1,0,0,0,1,0,0,0,1,0,0,2
15,808,0,3,0,1,0,0,0,1,0,0,1,0,0,2
20,873,0,3,0,0,1,0,0,1,0,0,1,0,0,2
10,284,1,4,0,1,0,0,0,0,1,0,1,0,0,1
5,755,0,3,1,0,0,0,0,0,1,0,0,0,1,2
6,535,0,3,0,1,0,0,0,0,1,0,1,0,0,0
22,687,0,2,0,1,0,0,0,0,1,0,0,1,0,2
18,330,0,2,0,0,0,1,0,1,0,0,1,0,0,1
7,245,0,3,0,1,0,0,0,0,0,1,0,1,0,1
19,811,0,1,0,0,1,0,1,0,0,0,0,1,0,2
1,520,0,3,1,0,0,0,0,1,0,0,1,0,0,0
4,742,0,4,0,1,0,0,0,0,1,0,1,0,0,2
7,651,0,3,1,0,0,0,1,0,0,0,1,0,0,2
17,271,0,1,0,0,1,0,0,0,0,1,0,1,0,1
4,561,0,3,1,0,0,0,0,1,0,0,1,0,0,0
17,809,0,3,0,1,0,0,1,0,0,0,0,1,0,2
18,401,0,3,0,0,1,0,0,1,0,0,1,0,0,1
21,546,2,1,0,0,1,0,1,0,0,0,0,1,0,0
11,604,0,3,1,0,0,0,0,1,0,0,0,1,0,0
9,190,0,5,0,1,0,0,0,0,1,0,0,1,0,1
22,357,1,2,0,1,0,0,0,1,0,0,0,1,0,1
22,827,0,4,0,0,1,0,0,1,0,0,1,0,0,2
26,648,0,4,0,0,1,0,0,1,0,0,1,0,0,0
19,669,0,2,0,0,1,0,0,0,1,0,1,0,0,2
1,872,1,2,0,1,0,0,0,1,0,0,0,1,0,2
7,228,0,4,1,0,0,0,0,1,0,0,1,0,0,1
9,656,1,2,1,0,0,0,1,0,0,0,1,0,0,2
27,863,0,1,0,1,0,0,0,1,0,0,0,1,0,2
4,867,0,1,1,0,0,0,1,0,0,0,1,0,0,2
4,549,0,3,0,1,0,0,0,1,0,0,1,0,0,0
18,567,0,3,0,0,1,0,0,0,1,0,1,0,0,0
22,205,1,5,0,0,1,0,0,0,0,1,0,1,0,1
19,341,1,1,0,1,0,0,0,1,0,0,1,0,0,1
23,342,0,3,0,0,1,0,0,0,1,0,0,1,0,1
11,808,0,4,0,1,0,0,0,0,1,0,0,1,0,2
